listing_id,available_date,available,price,minimum_nights,maximum_nights
2482916,10/21/2020,f,500,1,1125
2483752,10/20/2020,f,225,1,1125
2488935,10/20/2020,f,650,3,14
2489487,10/24/2020,f,775,1,1125
2489196,10/24/2020,f,95,2,10
2492407,10/20/2020,f,120,2,20
2493870,10/22/2020,t,450,4,1125
2493385,10/20/2020,t,400,2,1125
2496308,10/20/2020,f,100,2,10
2499077,10/21/2020,t,150,1,1125
2498866,10/22/2020,t,275,1,1125
2500385,10/20/2020,f,65,1,1125
2501144,10/22/2020,f,100,1,14
2501145,10/23/2020,t,200,1,1125
2501888,10/21/2020,t,88,1,14
2509594,10/20/2020,f,400,1,6
2502431,10/20/2020,f,175,2,1125
2502288,10/24/2020,f,115,2,14
2512706,10/22/2020,f,200,1,1125
2516299,10/23/2020,f,185,2,5
2514966,10/22/2020,f,999,1,1125
2519952,10/20/2020,f,200,1,1125
2521310,10/20/2020,f,225,1,1125
2521003,10/20/2020,t,125,2,5
2526099,10/22/2020,f,180,1,5
2524101,10/20/2020,f,59,1,100
2521443,10/22/2020,f,165,28,60
2528829,10/22/2020,t,300,1,1125
2528473,10/21/2020,f,65,1,1125
2529203,10/20/2020,f,198,2,1125
2546012,10/22/2020,f,83,30,1125
2546818,10/20/2020,f,73,3,90
2551278,10/22/2020,f,70,1,1125
2553977,10/20/2020,f,120,3,1125
2556255,10/22/2020,f,180,1,1125
2592427,10/20/2020,t,75,1,100
2594010,10/20/2020,f,89,2,1125
2650844,10/23/2020,f,440,3,1125
2639623,10/21/2020,f,119,2,60
2657000,10/22/2020,f,70,30,1125
2665394,10/20/2020,f,155,14,300
2663425,10/20/2020,f,899,3,1125
2677765,10/20/2020,f,119,2,7
2708067,10/20/2020,f,250,3,1125
2665977,10/21/2020,t,90,2,7
2723009,10/20/2020,f,500,2,14
2716088,10/21/2020,f,150,2,1125
2736478,10/20/2020,f,120,7,180
2774094,10/20/2020,f,125,2,1125
2746300,10/24/2020,f,70,14,1125
2832008,10/20/2020,f,160,3,1125
2832087,10/20/2020,f,170,2,1125
2855422,10/20/2020,f,120,2,1125
2855712,10/22/2020,f,165,,
2885662,10/20/2020,f,1000,3,1125
2867059,10/22/2020,f,62,2,1125
2902979,10/20/2020,f,175,1,365
2924714,10/22/2020,f,150,2,1125
2914322,10/22/2020,f,500,3,5
2964193,10/20/2020,f,375,2,1125
2926708,10/20/2020,f,1200,2,1125
2979070,10/22/2020,t,150,1,1125
2967072,10/22/2020,f,425,3,1125
2979222,10/22/2020,f,260,,
2984602,10/20/2020,f,139,2,1125
2989481,10/20/2020,f,179,2,1125
2989235,10/20/2020,f,200,2,10
2992224,10/22/2020,f,145,,
2989616,10/21/2020,f,35,30,90
3013429,10/24/2020,t,796,1,1125
3028269,10/20/2020,f,60,1,7
2994424,10/22/2020,f,169,2,1125
3032156,10/20/2020,f,175,2,1125
3053308,10/20/2020,f,48,30,1125
3091862,10/22/2020,f,525,3,1125
3104453,10/20/2020,t,131,1,365
3104715,10/20/2020,t,118,1,365
3124593,10/22/2020,t,650,,
3122479,10/22/2020,t,363,1,365
3125271,10/22/2020,f,250,2,4
3151369,10/20/2020,t,149,1,1125
3130995,10/24/2020,t,222,2,1125
3154788,10/20/2020,t,105,30,1125
3158012,10/20/2020,f,75,30,1125
3214547,10/22/2020,t,700,3,1125
3163510,10/22/2020,t,78,1,1125
3225770,10/20/2020,f,176,30,120
3229143,10/20/2020,f,160,3,1125
3230604,10/20/2020,f,149,1,1125
3271751,10/24/2020,f,89,5,330
3271554,10/20/2020,f,57,31,180
3281553,10/22/2020,f,349,2,60
3294079,10/20/2020,f,85,3,1125
3294395,10/20/2020,f,199,1,1125
3294758,10/20/2020,f,108,2,40
3349126,10/20/2020,f,119,1,365
3349943,10/24/2020,f,249,1,365
3349679,10/22/2020,t,202,1,365
3353855,10/24/2020,f,35,1,32
3386939,10/22/2020,f,113,1,1125
3404974,10/21/2020,f,129,2,30
3416245,10/21/2020,f,175,2,90
3424259,10/20/2020,t,63,1,1125
3441118,10/20/2020,f,380,30,30
3432804,10/24/2020,f,600,3,1125
3475010,10/20/2020,f,109,1,1125
3478000,10/22/2020,f,159,2,1125
3495822,10/22/2020,f,55,1,10
3504013,10/22/2020,f,115,31,1125
3534046,10/20/2020,f,64,19,1125
3513732,10/20/2020,f,215,1,1125
3539813,10/20/2020,f,115,2,11
3539968,10/20/2020,f,100,3,1125
3543315,10/20/2020,f,500,1,1125
3543410,10/20/2020,f,81,2,1125
3548997,10/20/2020,t,117,1,365
3549443,10/20/2020,t,119,1,365
3543027,10/20/2020,f,750,2,21
3549253,10/24/2020,f,228,1,365
3594213,10/23/2020,f,150,30,1125
3609272,10/20/2020,t,118,1,365
3603024,10/20/2020,t,89,1,30
3613678,10/20/2020,f,200,2,1125
3615030,10/22/2020,t,599,1,1125
3629021,10/22/2020,f,65,68,1125
3637181,10/22/2020,f,150,30,1125
3649811,10/20/2020,t,385,1,1125
3667392,10/20/2020,f,174,1,365
3655306,10/20/2020,f,175,2,1125
3689085,10/22/2020,f,99,2,1125
3720498,10/20/2020,f,400,1,5
3781742,10/20/2020,f,250,3,3
3757576,10/20/2020,f,450,2,14
3791735,10/20/2020,f,150,2,60
3791074,10/22/2020,f,400,1,7
3801572,10/22/2020,f,53,2,1125
3802304,10/20/2020,t,155,2,1125
3828619,10/20/2020,f,36,2,1125
3840726,10/21/2020,t,149,2,28
3831262,10/20/2020,f,59,1,1125
3862246,10/20/2020,t,28,1,2
3868266,10/20/2020,f,60,30,356
3876436,10/22/2020,f,200,1,1125
3875997,10/22/2020,f,289,3,14
3882146,10/20/2020,f,99,30,1125
3883966,10/22/2020,f,999,2,7
3882984,10/20/2020,f,57,90,1125
3904915,10/20/2020,f,120,7,1125
3893861,10/21/2020,f,45,30,90
3905528,10/20/2020,t,300,1,4
3911693,10/24/2020,f,95,30,1125
3913413,10/20/2020,f,100,2,1125
3916923,10/22/2020,f,1600,2,1124
3916583,10/22/2020,f,150,2,1125
3928248,10/21/2020,f,38,5,1125
3939734,10/20/2020,f,75,1,1125
3931350,10/20/2020,f,250,1,1125
3946696,10/22/2020,f,123,3,1125
3947145,10/20/2020,f,95,1,9
3959242,10/20/2020,f,150,2,1125
3958601,10/24/2020,t,444,2,1125
202753,10/20/2020,f,175,3,14
207054,10/22/2020,f,135,2,1125
208897,10/20/2020,f,189,2,1125
219168,10/22/2020,f,250,2,60
221451,10/20/2020,f,75,1,365
222967,10/20/2020,f,185,4,60
222986,10/20/2020,f,500,4,90
224603,10/22/2020,f,105,28,365
227372,10/22/2020,f,295,1,1125
228217,10/22/2020,t,350,4,14
233930,10/24/2020,f,181,5,365
237705,10/20/2020,f,135,1,15
238657,10/20/2020,t,150,2,760
240541,10/22/2020,f,39,1,6
248515,10/20/2020,f,150,2,90
247770,10/20/2020,f,175,2,75
3961373,10/22/2020,f,75,5,1125
271052,10/24/2020,t,350,3,365
2265,10/20/2020,f,170,7,180
5245,10/20/2020,f,100,30,60
4311590,10/20/2020,f,150,1,1125
3979017,10/22/2020,f,72,,
5456,10/20/2020,f,89,2,90
3979249,10/22/2020,t,500,1,1125
4330057,10/20/2020,f,350,2,1125
5636,10/20/2020,f,46,30,90
3988298,10/20/2020,t,80,1,1125
4333425,10/22/2020,f,275,2,1125
5769,10/21/2020,f,39,1,14
6413,10/20/2020,f,99,30,1125
4340903,10/22/2020,f,42,2,1125
4341443,10/21/2020,f,45,30,1125
6448,10/20/2020,f,139,3,1125
3999345,10/20/2020,f,1250,2,10
4341467,10/20/2020,t,1100,1,1125
21126,10/20/2020,f,169,1,365
4347022,10/20/2020,f,1000,1,1125
3999556,10/20/2020,f,350,3,1125
4351493,10/22/2020,t,180,3,1125
4356661,10/20/2020,f,75,1,1125
22166,10/20/2020,f,150,30,365
4358441,10/22/2020,f,150,,
22828,10/20/2020,f,50,31,365
22982,10/20/2020,f,125,2,1125
4378321,10/20/2020,f,250,1,1125
4385481,10/20/2020,f,550,1,1125
4012735,10/22/2020,f,50,4,1125
25028,10/24/2020,f,117,7,365
4402297,10/23/2020,f,250,2,1125
4403398,10/20/2020,t,125,2,1125
4403427,10/20/2020,t,125,2,1125
32396,10/20/2020,f,55,1,7
4013309,10/20/2020,t,137,2,1125
4417363,10/20/2020,f,79,2,1125
37324,10/22/2020,f,35,30,730
39993,10/20/2020,f,59,2,14
4013329,10/24/2020,f,122,1,1125
4431533,10/21/2020,f,389,4,1125
40285,10/21/2020,t,350,2,30
4014472,10/20/2020,f,122,2,1125
4435703,10/22/2020,f,160,1,1125
46929,10/20/2020,f,89,2,1125
4025723,10/20/2020,f,109,2,90
4441722,10/24/2020,f,120,2,1125
4030864,10/20/2020,f,200,2,1125
47572,10/20/2020,f,34,30,180
4032235,10/20/2020,f,265,1,1125
50318,10/22/2020,f,130,30,1125
56690,10/20/2020,f,150,2,1125
4036932,10/22/2020,f,145,2,1125
57187,10/22/2020,f,73,1,15
4446513,10/20/2020,t,600,1,1125
68130,10/20/2020,t,51,2,1125
69303,10/20/2020,f,149,1,90
4452791,10/22/2020,t,125,2,1125
4453016,10/22/2020,t,110,2,1125
4461416,10/20/2020,f,199,2,1125
4464432,10/22/2020,f,299,3,1125
69352,10/22/2020,f,159,2,45
69810,10/20/2020,f,110,2,1125
70258,10/20/2020,t,225,2,28
70812,10/20/2020,f,150,2,1125
4037342,10/22/2020,f,95,2,90
4479218,10/22/2020,f,500,3,1125
72318,10/22/2020,f,225,3,300
4481798,10/20/2020,f,1500,5,14
4495324,10/20/2020,f,250,1,1125
72633,10/22/2020,f,470,2,14
72833,10/20/2020,f,85,3,1125
4508376,10/20/2020,t,1500,2,29
72876,10/20/2020,f,49,3,100
4037944,10/20/2020,f,249,2,1125
4516994,10/22/2020,f,170,2,1125
73005,10/22/2020,f,230,2,1125
73289,10/20/2020,f,112,30,1125
4040064,10/22/2020,f,495,4,1125
4538217,10/20/2020,f,10000,30,900
74318,10/20/2020,f,90,2,1825
75174,10/20/2020,f,125,2,1125
4545175,10/22/2020,f,162,,
4046196,10/20/2020,f,50,1,15
4573192,10/20/2020,f,200,30,1125
4047192,10/20/2020,f,229,1,1125
4580330,10/20/2020,f,400,3,1125
75957,10/24/2020,t,98,2,10
4047344,10/22/2020,f,104,4,1125
4588823,10/20/2020,t,238,2,1125
4596762,10/20/2020,f,120,1,1125
76497,10/20/2020,f,170,2,1125
4047528,10/24/2020,f,241,4,1125
4613275,10/21/2020,f,1200,1,1125
4622156,10/20/2020,t,350,3,1125
76501,10/20/2020,f,100,2,365
4050950,10/22/2020,t,70,1,365
4628659,10/20/2020,t,125,2,45
76911,10/22/2020,f,620,2,1125
4053713,10/20/2020,f,299,2,1125
76925,10/20/2020,f,400,2,8
4645766,10/20/2020,f,139,2,1125
76996,10/20/2020,f,80,20,360
4054044,10/23/2020,f,148,2,1125
4662867,10/21/2020,t,65,1,1125
77635,10/22/2020,f,175,2,1125
77639,10/22/2020,f,149,2,730
4663369,10/22/2020,f,130,2,1125
77998,10/22/2020,f,190,2,1125
4060699,10/20/2020,f,79,2,1125
4678565,10/22/2020,f,399,120,1125
78035,10/20/2020,f,750,3,60
4719452,10/20/2020,f,45,2,14
4066631,10/20/2020,f,225,1,120
78127,10/22/2020,f,240,1,7
4719663,10/22/2020,f,99,6,1125
4734283,10/21/2020,t,240,2,14
4067158,10/20/2020,f,149,3,1125
78422,10/20/2020,f,65,1,10
78757,10/20/2020,f,125,2,365
4742900,10/20/2020,f,599,60,1125
4067897,10/22/2020,f,189,2,365
78831,10/22/2020,f,109,2,14
4756372,10/22/2020,t,685,4,90
4076557,10/22/2020,f,125,2,1125
78884,10/20/2020,f,80,2,1125
4759081,10/20/2020,f,130,2,1125
79100,10/24/2020,f,125,4,1125
4764568,10/24/2020,f,498,2,7
79432,10/20/2020,t,119,30,45
79603,10/20/2020,f,150,2,15
4766360,10/20/2020,f,95,2,10
4077459,10/20/2020,f,150,30,352
4775925,10/21/2020,t,105,183,1125
79768,10/20/2020,f,225,4,30
4078567,10/22/2020,f,2100,3,1125
80725,10/20/2020,f,150,30,1125
4776659,10/20/2020,f,279,2,62
82033,10/20/2020,t,400,1,30
4795682,10/22/2020,f,75,3,365
4082265,10/20/2020,f,384,4,390
4808400,10/22/2020,f,300,2,365
83643,10/20/2020,f,47,2,14
84771,10/20/2020,f,81,2,30
4809429,10/22/2020,f,150,1,1125
4085163,10/20/2020,f,893,2,1125
89475,10/22/2020,f,329,30,365
4814446,10/22/2020,f,375,2,1125
104386,10/20/2020,f,70,31,180
4085926,10/24/2020,f,390,4,1125
4815071,10/20/2020,f,600,3,1125
109005,10/20/2020,f,78,3,1125
4091409,10/20/2020,t,129,2,1125
113779,10/22/2020,f,119,5,365
4820267,10/22/2020,f,155,3,500
113791,10/22/2020,f,60,30,365
4821958,10/23/2020,f,225,3,1125
4824833,10/20/2020,f,90,1,12
4092112,10/20/2020,f,97,1,1125
116014,10/23/2020,f,259,1,15
4839691,10/22/2020,f,600,4,1125
128326,10/22/2020,t,295,3,365
4095705,10/22/2020,f,120,,
140474,10/20/2020,f,136,5,365
4848222,10/20/2020,f,100,1,1125
140504,10/20/2020,f,119,5,365
4849820,10/20/2020,f,70,3,120
4102866,10/20/2020,f,375,2,1125
141550,10/20/2020,f,92,1,1125
4855450,10/20/2020,f,480,3,14
4103988,10/20/2020,f,600,2,1125
145210,10/20/2020,f,99,3,365
4856743,10/22/2020,f,104,2,1125
4112403,10/22/2020,f,189,2,30
4871772,10/22/2020,f,30,14,30
4117663,10/22/2020,f,400,2,3
154103,10/24/2020,f,450,3,60
4117827,10/22/2020,f,300,1,1125
4871898,10/20/2020,f,450,2,1125
155359,10/20/2020,f,90,90,1125
4881360,10/22/2020,f,833,2,1125
158398,10/22/2020,f,799,3,1125
4886509,10/20/2020,f,400,4,1125
166561,10/20/2020,f,79,2,45
4121482,10/20/2020,f,200,2,1115
4886987,10/20/2020,t,125,5,1125
167459,10/21/2020,f,800,3,14
4900223,10/24/2020,f,90,5,1125
4121676,10/22/2020,t,239,4,1125
172104,10/22/2020,f,75,3,14
4901443,10/20/2020,f,185,3,60
4134923,10/20/2020,f,135,7,25
174828,10/20/2020,f,239,2,365
184853,10/22/2020,f,150,30,730
4137101,10/20/2020,f,125,5,9
4905837,10/20/2020,f,150,1,1125
4906733,10/20/2020,f,57,2,1125
195674,10/22/2020,t,750,2,30
4141322,10/20/2020,f,150,1,1125
202187,10/22/2020,f,61,1,1125
4914582,10/20/2020,f,119,2,1125
5084388,10/20/2020,f,700,1,1125
4144319,10/24/2020,f,30,1,7
4931574,10/24/2020,f,399,2,1125
5085831,10/22/2020,f,449,3,1125
5086211,10/22/2020,f,91,3,180
4145599,10/20/2020,f,85,2,1125
4932506,10/22/2020,f,50,1,1125
5086356,10/22/2020,f,350,4,1125
4936914,10/20/2020,t,250,3,15
5090933,10/20/2020,f,795,2,30
4941458,10/22/2020,t,85,2,1125
5094445,10/20/2020,f,144,2,14
4148428,10/20/2020,t,450,1,1125
4942407,10/22/2020,f,60,30,120
4943050,10/22/2020,f,1350,1,1125
5102612,10/22/2020,t,500,1,1125
5103926,10/20/2020,f,225,3,30
4947590,10/22/2020,f,125,5,7
4948909,10/23/2020,f,500,90,365
5104248,10/20/2020,f,325,45,365
4150237,10/22/2020,f,650,1,1125
4955455,10/20/2020,t,95,2,1125
4151136,10/20/2020,f,50,1,14
5105066,10/24/2020,f,185,2,1125
4957726,10/20/2020,t,1099,1,30
4966325,10/20/2020,f,200,3,1125
5105770,10/20/2020,f,170,2,1125
4966926,10/20/2020,f,80,1,1125
4967450,10/20/2020,f,995,3,1125
4974255,10/20/2020,f,69,2,28
5106886,10/22/2020,f,400,3,1125
4151271,10/20/2020,f,136,2,90
5113279,10/22/2020,f,500,1,1125
4991727,10/22/2020,f,699,2,1125
5116645,10/24/2020,f,150,2,1125
4154464,10/20/2020,f,89,2,30
4994857,10/20/2020,f,250,2,30
5116729,10/20/2020,f,60,2,5
4998371,10/20/2020,f,99,15,35
5122138,10/20/2020,f,200,3,1125
4156208,10/22/2020,f,750,83,1125
5001074,10/20/2020,f,98,3,180
5122450,10/22/2020,f,175,3,1125
5122828,10/20/2020,f,3200,1,1125
5006191,10/22/2020,f,350,1,30
5123540,10/20/2020,f,895,3,7
5006217,10/20/2020,t,400,1,1125
4163685,10/20/2020,f,80,1,1125
5124417,10/20/2020,f,200,3,21
5007355,10/20/2020,f,61,1,60
5126439,10/22/2020,f,500,1,12
5011681,10/22/2020,f,130,3,1125
4164084,10/20/2020,f,99,2,90
5126932,10/20/2020,t,69,1,1125
5013929,10/24/2020,f,499,3,7
4164781,10/20/2020,t,99,2,1125
5132083,10/20/2020,f,85,28,28
5018747,10/20/2020,t,600,3,11
5136870,10/20/2020,f,900,4,18
5020354,10/22/2020,t,179,,
4171527,10/24/2020,f,250,2,1125
5148991,10/20/2020,f,175,3,1125
5153200,10/20/2020,f,199,2,1125
5021987,10/20/2020,f,125,4,1125
5154179,10/20/2020,f,40,1,1125
5022086,10/20/2020,f,500,4,30
4171708,10/20/2020,f,90,1,1125
5024067,10/23/2020,f,95,2,1125
5162827,10/20/2020,f,375,3,14
5028301,10/20/2020,f,225,1,1125
5164038,10/20/2020,f,45,5,1125
4171932,10/20/2020,f,98,2,14
5031470,10/22/2020,f,275,2,1125
5169702,10/20/2020,f,50,1,80
4172577,10/20/2020,f,150,3,30
5037417,10/20/2020,f,347,30,1125
5037508,10/21/2020,f,65,1,1125
5172784,10/20/2020,f,450,2,1125
4174180,10/20/2020,f,125,7,28
5173181,10/20/2020,t,79,2,180
5179186,10/21/2020,t,130,1,14
5046776,10/20/2020,t,2100,2,30
4174762,10/22/2020,f,538,2,365
5047200,10/20/2020,f,436,2,1125
5192062,10/22/2020,f,450,3,1125
4174892,10/24/2020,f,368,1,365
5047878,10/20/2020,f,545,1,1125
5194094,10/22/2020,f,700,1,1125
5194948,10/22/2020,f,110,30,1125
4179345,10/22/2020,f,300,,
5049688,10/20/2020,f,200,2,1125
5195335,10/22/2020,f,60,,
5050692,10/20/2020,t,105,2,1125
5051186,10/20/2020,f,600,2,1125
5195484,10/20/2020,f,304,2,1125
4182298,10/24/2020,f,250,1,1125
5200329,10/20/2020,f,75,2,30
5060912,10/22/2020,t,386,2,1125
5067130,10/22/2020,f,190,,
5200720,10/24/2020,f,550,1,1125
5077502,10/22/2020,f,169,,
5205243,10/20/2020,f,140,2,14
5205396,10/20/2020,f,110,2,1125
5078787,10/20/2020,f,175,2,23
5081777,10/20/2020,f,50,1,1125
5083004,10/22/2020,f,95,1,1125
4184049,10/20/2020,f,156,2,30
5211169,10/20/2020,t,30,99,99
5083889,10/22/2020,f,299,2,1125
5217975,10/20/2020,f,325,2,7
5372075,10/20/2020,f,67,1,14
5221313,10/20/2020,f,300,2,1125
5372230,10/22/2020,f,400,1,1125
4186778,10/22/2020,t,291,1,365
5221542,10/24/2020,f,406,3,1125
5372341,10/21/2020,f,65,1,1125
4190925,10/24/2020,f,250,1,1125
5372361,10/20/2020,f,1038,2,30
5223967,10/20/2020,t,274,31,31
5226944,10/22/2020,f,700,4,1125
4191216,10/20/2020,t,123,1,365
5227430,10/20/2020,f,200,1,1125
5374761,10/22/2020,f,210,2,2
4194649,10/24/2020,f,300,3,1125
5230543,10/23/2020,f,350,3,360
5375637,10/20/2020,f,105,14,365
5380952,10/20/2020,f,75,2,11
5235691,10/20/2020,t,1000,2,1125
5385823,10/20/2020,t,200,1,1125
5385856,10/20/2020,t,400,1,1125
5239779,10/22/2020,f,500,2,10
4194853,10/20/2020,f,118,1,365
5241591,10/22/2020,f,100,5,15
5386787,10/20/2020,f,187,2,1125
4195180,10/20/2020,t,118,1,365
5387815,10/22/2020,f,425,1,1125
5245916,10/20/2020,f,900,1,1125
5391565,10/21/2020,f,265,3,1125
4196884,10/20/2020,t,170,1,1125
5246084,10/22/2020,f,220,2,15
5392673,10/20/2020,f,400,2,1125
4198303,10/21/2020,f,99,2,1125
5247943,10/21/2020,t,299,1,1125
5394189,10/20/2020,f,100,1,7
5248080,10/21/2020,f,103,4,1125
4198456,10/22/2020,t,745,3,1125
5395422,10/22/2020,t,375,,
5251446,10/20/2020,f,900,1,14
4199426,10/22/2020,f,500,1,1125
5396676,10/24/2020,f,117,2,30
5251485,10/23/2020,f,60,2,9
5396712,10/20/2020,t,1200,1,1125
5251600,10/20/2020,f,999,3,6
4202378,10/22/2020,f,125,2,1125
5401641,10/20/2020,f,1200,4,28
4204808,10/20/2020,f,250,2,1125
5251742,10/22/2020,f,51,6,30
5402363,10/22/2020,f,225,1,1125
5252863,10/20/2020,f,500,3,10
4207963,10/23/2020,t,500,1,1125
5404780,10/22/2020,f,299,,
5256666,10/22/2020,f,460,1,1125
5405183,10/20/2020,f,1000,1,1125
4208941,10/20/2020,f,70,2,21
5406277,10/20/2020,f,239,5,1125
5256761,10/20/2020,f,369,7,1125
4217792,10/20/2020,t,2500,2,1125
5257816,10/20/2020,f,275,3,1125
5412574,10/20/2020,f,550,3,1125
5414027,10/22/2020,f,200,3,1125
5257917,10/22/2020,t,208,1,365
5415038,10/20/2020,f,500,2,1125
5415285,10/20/2020,f,269,2,1125
5258176,10/24/2020,f,259,1,365
4218221,10/24/2020,t,400,2,4
5415298,10/22/2020,f,175,,
5259693,10/20/2020,f,245,2,14
5259718,10/20/2020,f,510,3,1125
5419307,10/20/2020,f,78,1,1125
4218296,10/22/2020,f,400,1,1125
4219019,10/21/2020,f,60,2,7
5420650,10/20/2020,f,675,2,1125
5260692,10/20/2020,t,225,3,1125
5260774,10/22/2020,f,249,4,1125
5420745,10/20/2020,f,55,2,31
5420782,10/20/2020,t,175,2,1125
4224100,10/20/2020,f,150,30,240
5260962,10/22/2020,f,79,2,1125
5422314,10/20/2020,f,295,1,1125
4224760,10/20/2020,f,80,1,1125
5262010,10/20/2020,f,140,2,1125
5266956,10/22/2020,f,799,1,1125
5422964,10/20/2020,f,490,3,11
5423839,10/20/2020,f,550,1,1125
5267853,10/24/2020,f,129,1,1125
5423999,10/20/2020,f,425,3,1125
5424528,10/22/2020,f,150,1,1125
5429585,10/20/2020,f,75,1,1125
5270610,10/22/2020,f,55,60,365
5270718,10/20/2020,f,250,1,1125
5270815,10/22/2020,f,999,1,1125
4225262,10/22/2020,f,350,2,1125
5272399,10/20/2020,f,177,2,30
5430429,10/20/2020,f,375,2,1125
5431978,10/20/2020,f,100,1,1125
4226176,10/22/2020,f,175,1,1125
5432556,10/22/2020,f,144,3,10
5272704,10/22/2020,f,1000,4,14
5434918,10/20/2020,f,119,2,1125
4227044,10/22/2020,f,45,7,1125
5272994,10/24/2020,f,795,2,1125
5438680,10/20/2020,f,150,2,1125
5277272,10/20/2020,f,118,1,365
5438705,10/20/2020,f,149,2,14
4227584,10/20/2020,f,1000,1,1125
5277499,10/20/2020,t,122,1,365
5439772,10/23/2020,f,250,1,7
5277923,10/20/2020,f,118,1,365
4232009,10/20/2020,t,400,1,1125
5440292,10/24/2020,f,75,1,1125
5441730,10/23/2020,f,23,29,1125
4235207,10/20/2020,f,350,1,1125
5442748,10/20/2020,f,179,2,1125
5277988,10/20/2020,f,299,5,31
5444929,10/22/2020,f,375,1,1125
5283977,10/20/2020,f,58,1,1125
4235416,10/22/2020,f,65,1,1125
5445354,10/22/2020,f,124,1,1125
5288423,10/20/2020,f,89,2,1125
5445877,10/20/2020,f,65,1,1125
5293720,10/24/2020,f,415,2,1125
5293851,10/22/2020,f,185,1,1125
4235764,10/24/2020,f,62,30,150
5295462,10/20/2020,t,180,2,1125
5446097,10/20/2020,f,300,1,1125
5446210,10/22/2020,f,400,1,1125
4236671,10/22/2020,t,1499,2,1125
5446350,10/20/2020,f,600,1,1125
5295797,10/20/2020,f,175,2,1125
5297978,10/22/2020,f,425,1,1125
5306456,10/20/2020,f,450,4,1125
4242159,10/20/2020,f,200,1,1125
5447056,10/24/2020,f,250,1,1125
4243313,10/20/2020,f,700,1,1125
5447230,10/20/2020,f,37,29,1125
5314932,10/20/2020,f,800,2,1125
5447513,10/20/2020,f,100,1,1125
5315903,10/20/2020,f,439,2,31
4244284,10/20/2020,f,500,1,2
5451143,10/20/2020,f,75,3,1125
5316929,10/22/2020,f,37,29,1125
5454582,10/20/2020,f,199,5,10
5317194,10/20/2020,f,95,1,28
4244548,10/20/2020,f,50,1,1125
5457288,10/20/2020,f,99,30,1125
5317993,10/20/2020,f,47,2,1125
4247914,10/20/2020,f,159,30,200
5457997,10/22/2020,f,288,1,1125
4248113,10/20/2020,f,100,2,1125
5458492,10/20/2020,f,130,5,10
5318154,10/20/2020,f,1400,1,1125
4249149,10/20/2020,t,72,1,30
5458673,10/20/2020,f,150,2,1125
5318697,10/22/2020,f,195,1,1125
5463223,10/20/2020,f,200,3,1125
4250366,10/22/2020,f,225,1,3
5318910,10/20/2020,f,700,1,1125
5319080,10/20/2020,f,170,1,1125
5466113,10/22/2020,t,74,2,1125
4256978,10/20/2020,f,250,4,9
5329813,10/20/2020,f,215,3,1125
5468874,10/20/2020,f,115,1,1125
5335157,10/20/2020,f,100,2,1125
5470288,10/22/2020,f,77,31,120
5337141,10/22/2020,f,220,2,5
4258156,10/20/2020,f,1200,30,1125
5470379,10/20/2020,f,150,1,1125
5337516,10/20/2020,f,290,1,1125
4258466,10/20/2020,f,80,1,1125
5471518,10/20/2020,f,250,1,1125
5340370,10/22/2020,f,150,1,1125
5475449,10/22/2020,f,450,,
5342176,10/20/2020,f,165,30,730
5476443,10/22/2020,f,70,,
5344318,10/22/2020,f,600,1,1125
5477417,10/20/2020,f,85,60,1125
5361600,10/20/2020,f,250,3,7
4278536,10/20/2020,f,130,1,1125
5478792,10/20/2020,f,315,4,1125
5362016,10/22/2020,f,95,2,1125
4279470,10/20/2020,f,200,3,1125
5362539,10/20/2020,f,950,1,1125
5479573,10/22/2020,f,150,1,1125
5480629,10/20/2020,f,85,3,1125
5480956,10/20/2020,f,35,30,1125
5362658,10/23/2020,f,110,30,180
5363622,10/20/2020,f,200,3,11
4279738,10/22/2020,f,45,30,1125
5364278,10/20/2020,f,500,1,1125
5482299,10/22/2020,f,325,1,1125
5482391,10/20/2020,f,1999,2,1125
4284646,10/20/2020,f,400,1,1125
5486187,10/20/2020,f,85,2,1125
5365000,10/20/2020,t,400,2,1125
4285742,10/20/2020,f,180,1,365
5489353,10/20/2020,f,90,2,35
5370554,10/20/2020,f,180,1,1125
5490698,10/20/2020,f,500,2,1125
4288292,10/24/2020,f,45,30,1125
5371130,10/20/2020,f,149,2,31
5491054,10/22/2020,f,100,1,1125
5491849,10/20/2020,f,200,1,1125
5371233,10/20/2020,f,295,2,1125
5371586,10/20/2020,f,500,4,9
5491921,10/24/2020,f,250,1,1125
5492366,10/22/2020,f,400,1,1125
5531726,10/21/2020,f,22,31,1125
4288403,10/20/2020,f,120,1,1125
5495934,10/22/2020,f,645,2,1125
5532164,10/20/2020,f,600,2,1125
5532511,10/20/2020,f,100,2,4
5497475,10/20/2020,f,78,1,31
4289075,10/20/2020,f,400,1,3
5499806,10/22/2020,f,55,1,1125
5532702,10/22/2020,f,275,2,1125
4293731,10/20/2020,f,395,3,30
5499816,10/22/2020,f,450,3,10
4303864,10/20/2020,f,400,1,1125
5532737,10/20/2020,f,200,2,1125
5534589,10/22/2020,f,150,1,1125
5500000,10/20/2020,f,42,1,200
4304606,10/20/2020,f,175,2,1125
5506964,10/22/2020,f,714,3,1125
4308274,10/22/2020,f,33,2,1125
5508714,10/22/2020,f,200,1,1125
5536815,10/20/2020,f,150,1,1125
5537443,10/20/2020,f,350,3,6
5508927,10/22/2020,f,250,4,1125
5769019,10/22/2020,f,95,1,1
5537904,10/22/2020,t,170,2,1125
5509230,10/22/2020,f,47,30,1125
5509268,10/20/2020,f,72,1,1125
5509889,10/20/2020,f,125,3,365
5510194,10/22/2020,f,300,3,1125
5538269,10/22/2020,f,300,3,1125
5538928,10/20/2020,f,120,2,15
5539034,10/22/2020,t,110,2,1125
5539135,10/24/2020,f,350,1,1125
5539288,10/20/2020,f,500,1,1125
5544175,10/20/2020,t,300,3,1125
5546393,10/22/2020,f,300,1,1125
5510293,10/20/2020,f,102,7,1125
5510324,10/22/2020,f,150,2,180
5511060,10/20/2020,f,300,4,7
5549268,10/20/2020,f,500,2,9
5511174,10/23/2020,f,35,1,1125
5549432,10/20/2020,f,130,2,21
5774327,10/20/2020,t,515,1,1125
5512277,10/24/2020,f,90,3,1125
5775285,10/20/2020,f,400,28,1125
5512398,10/22/2020,f,100,1,1125
5549457,10/20/2020,f,200,1,1125
5516786,10/22/2020,f,299,3,1125
5549898,10/20/2020,f,49,2,10
5550807,10/20/2020,f,250,1,1125
5780591,10/22/2020,f,60,2,1125
5519058,10/20/2020,f,250,1,3
5550894,10/22/2020,f,650,3,1125
5551188,10/22/2020,f,350,1,1125
5521345,10/20/2020,t,79,2,1125
5521352,10/20/2020,t,150,1,1125
5794015,10/21/2020,f,169,1,1125
5552689,10/20/2020,f,300,3,28
5523235,10/22/2020,f,250,1,1125
5523507,10/20/2020,f,128,30,100
5557483,10/20/2020,f,50,1,1125
5806636,10/20/2020,f,140,3,1125
5524129,10/20/2020,f,400,1,1125
5524366,10/20/2020,f,145,12,1125
5524407,10/20/2020,t,300,1,1125
5524631,10/23/2020,t,1099,1,1125
5524728,10/22/2020,f,249,1,7
5557742,10/22/2020,f,1200,1,1125
5811482,10/21/2020,t,299,5,1125
5524966,10/20/2020,f,350,1,1125
5525252,10/21/2020,t,650,1,1125
5558324,10/21/2020,f,99,2,1125
5525466,10/20/2020,f,150,1,1125
5525531,10/20/2020,f,200,1,1125
5527298,10/20/2020,f,349,2,10
5530513,10/21/2020,f,555,3,30
5558744,10/24/2020,f,95,1,1125
5561157,10/20/2020,f,150,2,1100
5530526,10/20/2020,f,350,3,1125
5566540,10/20/2020,f,850,7,14
5813732,10/22/2020,f,95,30,1125
5568589,10/20/2020,f,1250,4,23
7108253,10/20/2020,t,37,30,1125
5819674,10/22/2020,f,165,2,1125
5568864,10/22/2020,f,750,,
7143120,10/22/2020,f,75,28,365
7146530,10/20/2020,f,130,2,1125
5570765,10/20/2020,f,125,1,4
5851471,10/22/2020,f,80,4,1125
7171128,10/22/2020,t,125,2,1125
5571901,10/20/2020,f,799,3,1125
5851765,10/20/2020,f,75,3,1125
5572837,10/22/2020,f,499,1,1125
5576311,10/20/2020,f,25,20,90
7180503,10/20/2020,f,60,1,6
5580263,10/20/2020,f,1800,1,14
5580918,10/20/2020,f,600,3,1125
7180621,10/22/2020,f,47,1,1125
7202167,10/21/2020,f,180,2,27
5587184,10/20/2020,f,80,1,1125
5869022,10/24/2020,t,80,1,1125
7222766,10/20/2020,f,300,2,1125
7226096,10/20/2020,f,350,2,4
5590653,10/20/2020,f,800,1,1125
5871200,10/22/2020,f,145,1,8
7239077,10/22/2020,f,515,2,1125
5591862,10/20/2020,f,500,1,1125
5873238,10/20/2020,f,83,1,1125
7243467,10/20/2020,f,290,3,1125
5592752,10/20/2020,f,230,1,1125
7247795,10/23/2020,f,250,4,1125
5593491,10/22/2020,f,399,,
5884972,10/22/2020,f,199,1,1125
7260963,10/22/2020,f,350,2,14
5593563,10/20/2020,f,425,1,1125
5928354,10/20/2020,f,550,1,1125
7264070,10/22/2020,f,140,3,1125
5594027,10/22/2020,t,500,1,1125
5928519,10/20/2020,f,500,1,1125
7264951,10/20/2020,f,225,3,1125
5600950,10/22/2020,f,400,1,1125
7279240,10/21/2020,f,55,2,1125
5601570,10/20/2020,f,90,2,1125
7306419,10/22/2020,f,129,2,1125
5602667,10/22/2020,f,125,1,1125
5602972,10/20/2020,f,50,3,31
5928709,10/20/2020,f,66,2,9
7308730,10/20/2020,f,50,240,365
7330232,10/21/2020,t,255,2,30
5603007,10/22/2020,t,1126,1,1125
7345104,10/20/2020,t,654,2,28
5603014,10/22/2020,f,40,1,1125
5941641,10/22/2020,f,150,1,1125
7351170,10/20/2020,f,144,3,1125
5603829,10/20/2020,f,250,3,50
7364825,10/24/2020,f,75,29,1125
5992071,10/20/2020,f,145,1,1125
5607191,10/22/2020,f,115,1,1125
5607471,10/20/2020,f,300,1,1125
6016413,10/22/2020,f,150,4,1125
5607608,10/20/2020,f,140,3,12
5612495,10/20/2020,f,141,2,9
7417004,10/20/2020,f,153,2,1125
7431430,10/24/2020,f,99,2,1125
5615072,10/20/2020,f,150,2,1125
6017483,10/20/2020,f,150,10,60
7435259,10/20/2020,f,105,30,1125
5616235,10/20/2020,f,125,5,1125
7437292,10/22/2020,f,253,2,1125
6025598,10/22/2020,f,375,30,1125
5617119,10/20/2020,f,375,2,1125
6056285,10/20/2020,f,150,2,1125
7440637,10/22/2020,f,37,29,1125
5617149,10/20/2020,f,139,2,25
7462553,10/24/2020,f,75,2,1125
7462609,10/24/2020,f,65,3,1125
6056676,10/20/2020,f,150,20,90
7482140,10/20/2020,f,600,1,1125
5618093,10/20/2020,f,425,1,1125
5618324,10/22/2020,f,200,1,1125
7492335,10/22/2020,f,150,1,1125
6063670,10/22/2020,f,342,4,360
5618529,10/20/2020,f,140,2,1125
7492691,10/22/2020,f,100,2,1125
5619107,10/20/2020,f,200,1,1125
6088588,10/20/2020,f,450,2,1125
7495575,10/20/2020,f,130,1,15
5623752,10/20/2020,f,69,3,1125
7531639,10/20/2020,t,80,1,1125
6092667,10/20/2020,f,50,3,1125
5625746,10/22/2020,f,90,1,1125
7576657,10/20/2020,f,170,4,1125
5626595,10/22/2020,f,200,1,1125
6093246,10/20/2020,t,600,2,30
7577428,10/21/2020,t,149,1,2
7579302,10/20/2020,f,125,2,1125
6093402,10/22/2020,f,195,3,1125
5627249,10/22/2020,f,400,3,1125
7579394,10/20/2020,f,125,2,1125
5631123,10/23/2020,f,70,1,1125
6100305,10/24/2020,f,169,3,1125
5632201,10/22/2020,f,80,1,1125
7581865,10/22/2020,f,350,2,10
6116865,10/20/2020,t,149,1,1125
5636464,10/22/2020,f,400,1,1125
7582622,10/21/2020,f,3000,5,1125
6118674,10/20/2020,f,85,1,1125
5637884,10/22/2020,f,350,1,1125
5639508,10/22/2020,f,849,2,10
7593593,10/22/2020,f,500,1,1125
6120864,10/22/2020,f,125,,
5641624,10/20/2020,f,150,1,1125
7618643,10/22/2020,f,5000,3,1125
6131087,10/20/2020,f,400,2,1125
5641633,10/20/2020,f,200,1,1125
7619069,10/20/2020,f,68,1,1125
6157746,10/20/2020,f,105,2,1125
7633129,10/20/2020,f,500,1,1125
5641970,10/22/2020,f,275,3,1125
5642926,10/22/2020,f,200,1,1125
7634469,10/21/2020,f,28,31,1125
6169536,10/21/2020,t,70,1,1125
5647599,10/22/2020,f,125,1,1125
7637956,10/22/2020,f,110,60,365
7638756,10/20/2020,f,89,1,1125
5647715,10/22/2020,f,300,2,1125
5648485,10/20/2020,f,199,1,1125
7649234,10/22/2020,f,170,30,1125
5649246,10/20/2020,f,200,1,1125
5649699,10/22/2020,f,30,1,1125
5650946,10/20/2020,f,500,1,1125
5651347,10/20/2020,f,150,1,1125
7651943,10/22/2020,f,325,4,1125
7662548,10/22/2020,f,140,4,1125
7689262,10/22/2020,f,90,1,1125
7690676,10/22/2020,f,45,1,10
5651702,10/20/2020,f,400,1,1125
5652198,10/20/2020,f,75,1,1125
5652310,10/22/2020,f,99,1,1125
7699233,10/22/2020,f,64,1,1125
5653621,10/22/2020,f,200,1,1125
7702099,10/21/2020,f,45,1,13
6184106,10/20/2020,f,999,90,1125
7706359,10/20/2020,f,150,360,500
5659852,10/20/2020,f,550,1,6
7709309,10/21/2020,f,36,30,1125
6185503,10/20/2020,f,45,2,1125
5660373,10/21/2020,f,160,30,1125
7717113,10/21/2020,f,48,1,1125
5660770,10/22/2020,f,370,,
5666350,10/20/2020,f,250,1,1125
6186041,10/20/2020,f,250,2,1125
5667556,10/20/2020,f,250,1,1125
6187395,10/23/2020,f,140,1,1125
7725153,10/20/2020,f,450,1,1125
6194282,10/21/2020,t,38,31,1125
5669646,10/20/2020,f,225,2,1125
5669658,10/20/2020,f,105,5,24
7727704,10/22/2020,f,380,1,1125
6194285,10/23/2020,f,38,31,1125
6198536,10/20/2020,f,299,3,31
7729746,10/20/2020,f,249,2,1125
5670682,10/22/2020,f,80,1,1125
7730776,10/24/2020,f,331,2,1125
5670726,10/24/2020,f,220,2,16
6214178,10/20/2020,t,127,1,365
5671821,10/20/2020,f,75,4,1125
7746849,10/20/2020,f,37,30,1125
7750051,10/20/2020,f,50,2,7
5672823,10/24/2020,f,200,1,1125
6234498,10/20/2020,t,150,2,1125
7750755,10/20/2020,f,37,29,1125
5673112,10/20/2020,f,550,1,1125
5673145,10/20/2020,f,49,30,180
6238933,10/20/2020,t,400,2,1124
7787003,10/20/2020,f,110,3,90
7787682,10/20/2020,f,70,1,1125
5673299,10/24/2020,f,350,1,1125
6248576,10/20/2020,f,52,90,1125
7797703,10/20/2020,f,100,2,1125
6250110,10/20/2020,f,100,31,90
5685281,10/22/2020,f,200,1,1125
7802292,10/20/2020,f,185,2,1125
7802995,10/20/2020,f,80,2,1125
5686309,10/20/2020,t,175,1,1125
6260941,10/20/2020,f,100,7,1125
5693337,10/20/2020,f,170,1,1125
7805994,10/20/2020,f,149,3,1125
6277444,10/20/2020,f,38,1,1125
5695124,10/22/2020,f,175,1,1125
7808418,10/20/2020,f,200,1,1125
5697049,10/20/2020,f,395,3,3
7811193,10/21/2020,f,300,2,13
6285645,10/20/2020,f,50,1,1125
7818596,10/20/2020,f,750,3,14
6288166,10/20/2020,f,100,1,1125
7825288,10/20/2020,f,600,2,4
5697316,10/20/2020,f,300,1,1125
6291496,10/22/2020,f,250,2,5
5702254,10/22/2020,f,22,31,1125
7825977,10/22/2020,t,205,1,365
6291810,10/20/2020,f,566,3,1125
7826186,10/22/2020,t,190,1,365
7836170,10/20/2020,f,525,3,1125
5706306,10/23/2020,f,150,2,1125
7836824,10/20/2020,f,50,1,10
5706852,10/20/2020,f,70,1,1125
7837707,10/22/2020,f,159,2,180
7839215,10/22/2020,f,199,1,1125
5718336,10/20/2020,f,88,3,4
6311988,10/20/2020,t,325,2,1125
5718552,10/20/2020,f,140,2,1125
7844285,10/24/2020,t,37,30,1125
5728862,10/22/2020,f,299,3,1125
7853521,10/24/2020,f,60,1,1125
6325661,10/22/2020,f,846,2,4
7853960,10/20/2020,f,2500,1,1125
5729593,10/20/2020,f,135,2,1125
7856390,10/20/2020,f,120,2,1125
5736280,10/21/2020,f,18,30,120
7859434,10/21/2020,f,649,4,1125
5755416,10/20/2020,f,145,14,500
6330479,10/22/2020,f,40,1,1125
7859914,10/20/2020,f,59,1,1125
5761331,10/22/2020,f,99,2,1125
7870808,10/22/2020,f,50,,
6347473,10/20/2020,f,100,2,1125
5768194,10/24/2020,f,380,1,1125
5768833,10/20/2020,f,99,2,1125
7872804,10/20/2020,f,110,2,35
8090183,10/20/2020,f,75,2,21
7881350,10/22/2020,f,60,1,1125
6391710,10/22/2020,f,150,2,1125
7881703,10/20/2020,f,80,3,120
8090353,10/20/2020,f,300,2,1125
8101620,10/22/2020,f,220,2,3
7884925,10/22/2020,f,500,1,1125
6404272,10/20/2020,f,35,1,1125
7894111,10/22/2020,t,250,2,1125
8106607,10/22/2020,f,99,30,1125
8117242,10/21/2020,f,1000,3,1125
7895103,10/22/2020,f,129,1,1125
8118902,10/20/2020,f,400,3,30
6430521,10/20/2020,f,325,2,10
7897305,10/20/2020,f,150,2,1125
8131911,10/20/2020,f,149,2,1125
7899546,10/20/2020,f,112,2,1125
6432177,10/20/2020,t,129,2,1125
7902053,10/20/2020,f,1000,3,10
8135306,10/22/2020,f,175,4,1125
8149550,10/22/2020,t,309,,
7902095,10/22/2020,f,240,2,7
6449683,10/20/2020,f,155,28,180
8167068,10/22/2020,f,55,,
8167348,10/20/2020,f,150,2,1125
7902384,10/22/2020,f,160,2,1125
7915978,10/20/2020,f,2500,2,1125
7917741,10/20/2020,f,900,1,1125
6490112,10/24/2020,f,105,1,1125
8170048,10/20/2020,f,79,1,1125
6491526,10/22/2020,f,160,2,1125
8171923,10/20/2020,f,45,3,10
7922035,10/20/2020,f,200,2,4
7932066,10/20/2020,f,99,30,1125
8172036,10/22/2020,f,300,3,1125
6539818,10/24/2020,f,150,2,60
7935687,10/20/2020,f,120,30,1125
8172120,10/22/2020,f,215,1,1125
7936442,10/20/2020,f,150,2,1125
6545616,10/20/2020,f,40,1,20
8185376,10/20/2020,f,176,3,1125
8186176,10/20/2020,f,225,2,30
7937786,10/20/2020,t,300,2,1125
6560787,10/20/2020,f,150,2,15
7946971,10/20/2020,f,200,1,1125
8186947,10/20/2020,f,350,1,4
6570493,10/22/2020,f,105,,
6572544,10/21/2020,t,1200,1,1125
7970274,10/20/2020,f,1900,4,14
7971903,10/22/2020,f,66,2,1125
8190834,10/20/2020,f,115,4,1125
7980411,10/20/2020,f,190,2,1125
6575767,10/21/2020,f,495,2,1125
8208157,10/21/2020,f,210,2,1125
7985608,10/22/2020,t,300,2,1125
6584889,10/20/2020,f,145,2,1125
7996932,10/22/2020,f,65,1,8
6586376,10/21/2020,f,65,2,1125
8032556,10/20/2020,f,185,3,1125
8034552,10/20/2020,f,55,1,1125
6586413,10/22/2020,f,238,3,1125
8213171,10/21/2020,t,311,3,1125
8034612,10/20/2020,f,41,3,30
6586651,10/22/2020,f,100,30,200
6590801,10/20/2020,f,145,1,1125
8063156,10/20/2020,f,200,4,4
8067300,10/20/2020,f,110,2,1125
8214182,10/20/2020,f,26,1,5
8069972,10/20/2020,f,95,3,21
8222790,10/24/2020,f,156,2,1125
8070894,10/20/2020,f,37,29,1125
6591757,10/20/2020,f,40,1,1125
8227170,10/20/2020,f,179,2,180
8084195,10/20/2020,t,759,2,12
8086913,10/20/2020,f,289,1,1125
8235178,10/20/2020,t,225,2,1125
6596091,10/22/2020,f,200,,
8540638,10/24/2020,f,55,2,14
8238039,10/20/2020,f,180,3,5
8241511,10/20/2020,f,225,365,365
8540885,10/24/2020,f,645,2,1125
6603660,10/20/2020,f,155,1,1125
8253159,10/20/2020,f,95,2,28
8541039,10/22/2020,f,980,2,1125
8253830,10/20/2020,f,30,1,1125
8549483,10/22/2020,f,152,1,1125
6608652,10/20/2020,f,130,1,1125
8253891,10/20/2020,f,114,2,1125
8550852,10/20/2020,f,500,1,1125
8255065,10/20/2020,f,100,1,1125
6612246,10/22/2020,f,115,1,1125
8551560,10/20/2020,f,220,7,365
8268045,10/20/2020,t,93,30,1125
8554989,10/20/2020,t,350,1,1125
8268970,10/22/2020,f,119,1,1125
6613299,10/20/2020,f,125,2,1125
8555708,10/20/2020,f,250,7,1125
8274367,10/22/2020,f,150,2,10
8569523,10/22/2020,f,250,1,1125
8275886,10/20/2020,t,115,1,7
6616920,10/20/2020,f,200,1,1125
8577438,10/22/2020,f,300,1,1125
8276110,10/22/2020,f,100,1,1125
6625929,10/20/2020,f,120,2,1125
8284053,10/20/2020,f,179,1,3
8577931,10/22/2020,f,150,2,7
6626589,10/22/2020,f,125,3,15
8285130,10/22/2020,f,119,6,900
8290369,10/20/2020,f,149,1,1125
6628321,10/20/2020,f,40,1,1125
8580033,10/22/2020,f,52,,
8291582,10/24/2020,f,100,2,1125
6634808,10/20/2020,f,125,1,1125
8581191,10/22/2020,f,115,,
8293924,10/22/2020,f,700,3,1125
6638084,10/20/2020,f,55,2,31
6690195,10/20/2020,f,69,1,1125
8294952,10/22/2020,f,152,2,1125
8592302,10/20/2020,f,52,2,1125
8301191,10/22/2020,f,85,1,1125
6721639,10/20/2020,f,205,7,1125
8592877,10/21/2020,f,99,2,1125
8301931,10/22/2020,f,185,3,3
8594813,10/20/2020,f,100,1,10
6740452,10/22/2020,f,499,,
8302929,10/22/2020,f,225,,
8321562,10/20/2020,f,129,7,1125
8594847,10/22/2020,f,65,1,1125
6744307,10/20/2020,f,84,30,1125
8595301,10/22/2020,f,325,,
6766010,10/22/2020,f,59,4,1125
8327051,10/22/2020,f,500,4,1125
8595706,10/20/2020,f,400,1,1125
6777032,10/20/2020,f,75,2,1125
8327560,10/20/2020,f,1000,2,3
8607291,10/24/2020,f,950,5,1125
6782834,10/24/2020,f,555,3,1125
8337250,10/20/2020,t,320,1,1125
8609241,10/24/2020,f,160,1,1125
6792049,10/20/2020,f,40,1,1125
8341884,10/20/2020,f,250,3,1125
8342413,10/22/2020,f,107,2,4
8609590,10/22/2020,f,98,30,365
8609730,10/20/2020,f,200,1,1125
8343187,10/20/2020,f,300,1,1125
8611299,10/20/2020,f,75,1,1125
8349440,10/22/2020,f,350,1,1125
8354052,10/21/2020,t,150,2,1125
8613434,10/20/2020,f,125,2,1125
8614178,10/20/2020,f,799,1,1125
6820899,10/21/2020,t,99,2,1125
8614516,10/20/2020,f,80,1,1125
8628573,10/22/2020,f,149,2,1125
8355807,10/22/2020,f,102,2,1125
8356007,10/22/2020,t,370,1,1125
8356445,10/24/2020,f,600,2,1125
8630661,10/20/2020,f,300,1,1125
8635264,10/20/2020,f,200,1,1125
8363877,10/20/2020,f,49,2,21
8365492,10/20/2020,f,795,2,7
8636306,10/24/2020,f,250,1,1125
8648604,10/22/2020,f,200,1,1125
8370503,10/20/2020,f,499,4,1125
6822336,10/22/2020,f,55,3,1125
8371410,10/22/2020,f,70,2,1125
8649571,10/20/2020,f,600,1,1125
8372093,10/20/2020,f,250,4,9
8654269,10/20/2020,t,300,1,1125
6832830,10/20/2020,f,120,1,1125
8373416,10/22/2020,f,52,3,17
8655628,10/22/2020,f,45,2,1125
6850781,10/20/2020,t,123,1,89
8383427,10/24/2020,f,250,3,4
8663006,10/20/2020,f,70,2,1125
6854195,10/20/2020,f,149,2,30
8387546,10/21/2020,f,138,30,1125
8665469,10/20/2020,t,149,1,1125
8388876,10/20/2020,f,37,29,1125
6868943,10/20/2020,f,469,3,1125
8389915,10/20/2020,f,100,2,31
8668966,10/21/2020,f,68,2,1125
8390383,10/24/2020,f,156,3,1125
6870646,10/23/2020,f,125,30,1125
8390607,10/22/2020,f,118,3,30
8670731,10/21/2020,f,77,1,1125
8392052,10/22/2020,f,140,2,15
8671908,10/22/2020,f,75,7,1125
6887725,10/22/2020,t,80,29,1125
8402953,10/22/2020,t,300,4,1125
6932061,10/22/2020,f,95,3,1125
8672128,10/20/2020,t,299,1,1125
8404063,10/20/2020,f,500,1,3
8672626,10/20/2020,f,424,2,1125
8406405,10/20/2020,f,600,2,4
6935687,10/20/2020,f,120,1,1125
8673580,10/20/2020,f,65,1,1125
8408862,10/20/2020,t,400,2,1125
8673768,10/20/2020,f,100,1,1125
8410531,10/20/2020,t,598,1,1125
8674351,10/21/2020,f,77,1,1125
6935869,10/23/2020,f,295,2,1125
8421560,10/20/2020,f,75,1,1125
8422925,10/20/2020,t,75,1,1125
8684602,10/24/2020,t,65,1,1125
6938778,10/20/2020,f,50,30,1125
8423582,10/20/2020,t,465,2,1125
8426539,10/22/2020,t,135,1,1125
8688394,10/22/2020,f,95,30,1125
8691146,10/20/2020,f,300,1,1125
6955450,10/20/2020,f,37,29,90
8427091,10/20/2020,t,75,1,1125
8697580,10/20/2020,f,200,1,1125
8703781,10/20/2020,f,109,2,28
8427205,10/20/2020,f,100,1,1125
6975186,10/20/2020,t,1200,3,1125
8429604,10/20/2020,t,129,2,28
8705135,10/20/2020,f,45,1,1125
8437392,10/22/2020,f,180,2,5
8722133,10/20/2020,f,333,1,1125
8438090,10/20/2020,f,140,2,1125
6981552,10/22/2020,t,2000,3,1125
8442279,10/22/2020,f,595,,
8740144,10/20/2020,f,90,30,1125
8447116,10/22/2020,f,499,4,8
8740538,10/22/2020,f,80,3,1125
8740559,10/24/2020,f,325,2,1125
8743900,10/22/2020,f,105,2,1125
8455007,10/20/2020,f,249,7,1125
8456949,10/22/2020,f,300,2,1125
8459196,10/20/2020,f,489,3,4
8459820,10/22/2020,f,185,,
8473216,10/22/2020,f,140,1,7
8756436,10/22/2020,f,250,1,1125
8756544,10/22/2020,t,200,,
8761924,10/20/2020,f,185,1,1125
8480556,10/24/2020,f,101,3,1125
7005386,10/22/2020,f,850,3,37
8483460,10/20/2020,f,750,3,4
8485189,10/20/2020,f,250,1,1125
8762934,10/20/2020,f,95,30,1125
8773086,10/22/2020,f,1000,1,1125
8775493,10/24/2020,f,92,2,6
8780307,10/22/2020,f,36,30,1125
8485494,10/22/2020,f,400,4,7
8486228,10/20/2020,f,225,2,12
7005488,10/23/2020,f,100,1,1125
8486971,10/22/2020,f,350,2,1125
8783699,10/20/2020,t,59,2,21
7006588,10/22/2020,f,100,2,32
8488895,10/20/2020,f,850,2,1125
8811995,10/20/2020,f,700,1,1125
8813853,10/22/2020,f,99,1,1125
8489018,10/20/2020,f,90,1,30
8814298,10/20/2020,f,250,2,1125
8815829,10/20/2020,f,155,30,1125
8489021,10/20/2020,f,150,2,4
7020344,10/20/2020,f,900,5,30
8497940,10/20/2020,f,69,2,1125
8499413,10/20/2020,f,179,2,14
8826075,10/20/2020,f,101,30,200
8826503,10/22/2020,f,37,29,1125
8826604,10/20/2020,f,37,29,1125
8843728,10/20/2020,f,295,1,1125
8499809,10/20/2020,t,700,1,1125
8502075,10/20/2020,f,200,2,1125
8505696,10/20/2020,f,440,4,6
8880973,10/20/2020,f,58,1,131
8882372,10/20/2020,f,35,1,1125
8886894,10/22/2020,f,400,1,1125
8506283,10/20/2020,f,80,3,1125
8507456,10/20/2020,f,75,1,1125
8507552,10/22/2020,f,55,4,1125
8507559,10/20/2020,f,54,30,180
8908560,10/24/2020,f,350,1,1125
8909702,10/20/2020,t,315,1,5
8915312,10/24/2020,f,170,2,1125
8920025,10/20/2020,t,75,1,1125
8515332,10/20/2020,f,300,1,1125
8516399,10/20/2020,f,170,1,1125
7033328,10/20/2020,f,67,1,1125
8926402,10/20/2020,f,160,2,1125
8516626,10/20/2020,t,70,1,1125
8980721,10/24/2020,f,97,3,60
8523885,10/20/2020,f,150,1,1125
8985401,10/20/2020,t,795,3,1125
7066704,10/22/2020,f,55,2,7
8986977,10/22/2020,f,48,2,1125
8526072,10/21/2020,t,165,1,1125
8531225,10/20/2020,t,125,1,1125
8989373,10/20/2020,f,70,1,1125
9010732,10/24/2020,f,150,3,6
7075066,10/22/2020,f,39,1,12
8535059,10/22/2020,f,500,1,1125
7094484,10/20/2020,f,85,2,1125
9011892,10/22/2020,f,350,3,5
8535760,10/20/2020,f,585,1,1125
9393984,10/20/2020,f,975,2,1125
8535930,10/22/2020,f,350,1,5
9012503,10/20/2020,f,150,2,1125
9012909,10/20/2020,f,150,2,1125
9013058,10/22/2020,t,150,2,1125
9028362,10/22/2020,f,90,1,1125
8537118,10/20/2020,f,150,1,1125
8538239,10/20/2020,t,950,3,1125
10619716,10/20/2020,t,100,30,90
10626331,10/22/2020,f,385,6,1125
10631929,10/20/2020,f,425,3,1125
9049310,10/24/2020,t,499,2,1125
9055134,10/22/2020,t,120,1,1125
9072951,10/22/2020,f,70,1,1125
10644981,10/20/2020,f,79,1,1125
10650399,10/20/2020,f,275,1,1125
9092423,10/22/2020,f,30,150,1125
9405852,10/22/2020,f,130,2,1125
9113180,10/20/2020,f,97,2,1125
10658992,10/20/2020,f,115,1,1125
9408680,10/22/2020,f,1299,30,90
10671623,10/22/2020,f,150,,
9128459,10/22/2020,f,108,2,3
9128884,10/22/2020,t,100,7,1125
9409777,10/20/2020,f,200,90,365
10685455,10/22/2020,t,495,5,28
9430475,10/20/2020,f,170,3,1125
9434045,10/20/2020,f,100,2,14
9445559,10/22/2020,f,185,1,1125
10694691,10/20/2020,f,129,3,10
9470709,10/20/2020,f,2225,3,28
9136983,10/20/2020,f,139,2,29
10699500,10/22/2020,f,125,3,7
9137791,10/22/2020,f,500,4,1125
9472636,10/22/2020,f,89,1,1125
10701836,10/20/2020,f,200,2,1125
9479064,10/20/2020,f,100,1,1125
9149808,10/20/2020,f,200,1,1125
9479911,10/22/2020,f,65,1,1125
9487955,10/20/2020,f,35,1,1125
10706987,10/20/2020,f,89,2,1125
9157222,10/20/2020,f,150,2,1125
10707904,10/20/2020,f,45,2,1125
9488119,10/22/2020,f,40,31,66
9163030,10/22/2020,f,300,3,1125
10709129,10/22/2020,f,2300,4,1125
9490527,10/20/2020,f,100,30,1125
10711680,10/22/2020,f,400,2,1125
9170221,10/24/2020,f,50,1,1125
10721252,10/22/2020,f,400,2,10
10722974,10/20/2020,f,450,2,1125
9491998,10/24/2020,t,900,2,1125
9182645,10/20/2020,t,601,2,28
10725745,10/22/2020,f,375,5,1125
9183614,10/24/2020,t,95,180,1125
10726898,10/20/2020,f,99,1,1125
9500935,10/20/2020,f,700,1,1125
10732236,10/20/2020,f,345,1,1125
9509077,10/22/2020,f,140,4,1125
9525147,10/22/2020,f,700,2,365
10733649,10/20/2020,f,150,2,1125
9194049,10/20/2020,f,225,2,1125
9219124,10/20/2020,f,300,1,1125
9233544,10/22/2020,f,650,1,1125
10750555,10/20/2020,f,160,1,1125
10751717,10/20/2020,f,999,1,1125
9239771,10/22/2020,f,49,1,1125
9529125,10/20/2020,f,135,1,1125
10764527,10/20/2020,f,1700,2,1125
9252583,10/20/2020,f,37,29,1125
10764579,10/20/2020,f,500,1,1125
9256330,10/20/2020,f,90,7,11
10767302,10/20/2020,t,900,2,1125
10768287,10/20/2020,t,295,3,1125
9261455,10/22/2020,f,95,,
9543878,10/22/2020,f,349,4,1125
10769346,10/20/2020,f,850,5,14
9559710,10/20/2020,f,90,3,30
9626530,10/20/2020,f,37,30,1125
10769659,10/20/2020,t,129,2,1125
9281212,10/20/2020,f,255,3,1125
10770009,10/20/2020,f,449,1,1125
9290254,10/24/2020,f,500,3,1125
9638144,10/20/2020,f,200,1,4
9301420,10/20/2020,f,125,1,1125
10784670,10/20/2020,f,350,1,1125
10784973,10/22/2020,f,500,3,10
10789818,10/20/2020,f,199,2,1125
9301824,10/22/2020,f,100,1,1125
10799894,10/20/2020,f,99,2,1125
10805216,10/20/2020,f,250,1,1125
10806723,10/22/2020,f,450,2,1125
10808197,10/20/2020,f,1700,3,1125
9302845,10/21/2020,f,572,2,14
10825011,10/24/2020,f,100,1,1125
9304254,10/22/2020,f,275,2,1125
9664077,10/22/2020,f,45,3,28
9386774,10/20/2020,f,200,7,1125
10825723,10/20/2020,t,125,2,30
9677205,10/20/2020,f,99,2,7
9392278,10/20/2020,f,75,1,1125
10836166,10/20/2020,f,55,30,90
11147979,10/19/2020,f,300,1,1125
9684896,10/20/2020,f,20,20,1125
10836191,10/22/2020,f,600,1,1125
11161303,10/19/2020,f,29,28,280
10839662,10/22/2020,f,575,3,1125
10846076,10/20/2020,f,185,2,1125
11162065,10/19/2020,f,90,,
9693101,10/21/2020,t,365,2,1125
11163059,10/19/2020,f,65,1,1125
10856933,10/20/2020,f,300,1,1125
10859293,10/20/2020,t,90,1,1125
9694693,10/22/2020,f,27,2,1125
10882327,10/20/2020,f,167,2,1125
11167048,10/22/2020,t,600,4,14
10882393,10/24/2020,f,95,60,1125
9694801,10/20/2020,f,1090,29,365
11168033,10/19/2020,f,999,1,1125
10885857,10/20/2020,f,95,2,1125
10886250,10/20/2020,f,800,1,1125
9731339,10/20/2020,t,92,1,30
10886605,10/20/2020,f,180,1,1125
11177374,10/20/2020,f,1500,2,1125
11177690,10/19/2020,f,200,3,1125
10899205,10/20/2020,f,250,7,120
11181782,10/19/2020,f,100,1,1125
11182248,10/19/2020,f,1495,4,1125
10899325,10/20/2020,f,59,1,1125
11183402,10/19/2020,f,1200,5,7
9737869,10/20/2020,f,89,2,180
10902028,10/20/2020,f,350,5,5
11184708,10/20/2020,f,150,7,1125
11186203,10/22/2020,f,500,1,1125
10907010,10/22/2020,f,89,1,1125
9753450,10/20/2020,f,79,1,1125
11200939,10/19/2020,f,250,1,1125
10908153,10/22/2020,f,35,30,95
10909360,10/20/2020,f,189,3,8
11205623,10/22/2020,f,825,3,1125
11205990,10/19/2020,f,95,2,1125
10910831,10/20/2020,f,185,2,15
9773468,10/22/2020,f,300,3,8
11207672,10/20/2020,f,495,30,1125
11209831,10/19/2020,f,250,3,1125
10918267,10/20/2020,f,190,2,1125
11210388,10/19/2020,f,62,2,1125
10922191,10/22/2020,f,75,21,1124
11218939,10/19/2020,f,150,1,1125
9776221,10/22/2020,f,40,1,1125
10924106,10/20/2020,f,45,2,1125
10924553,10/20/2020,f,199,1,10
9778522,10/20/2020,f,80,1,3
10925975,10/20/2020,f,1200,3,1125
11220453,10/19/2020,f,399,3,28
11222327,10/19/2020,f,130,1,1125
11222426,10/19/2020,f,140,3,1125
10944023,10/20/2020,f,80,2,1125
9778980,10/20/2020,f,75,1,1125
10944908,10/20/2020,f,300,1,1125
11222725,10/20/2020,f,199,1,1125
11223036,10/19/2020,f,275,1,1125
10959672,10/20/2020,f,120,2,1125
9792920,10/20/2020,f,80,2,1125
10960115,10/20/2020,f,190,7,90
10960256,10/20/2020,f,250,1,1125
11223098,10/19/2020,f,100,1,1125
10970106,10/20/2020,f,575,5,1125
11226054,10/19/2020,f,120,3,1125
10982852,10/20/2020,f,100,1,1125
10984471,10/20/2020,f,89,2,1125
9803347,10/22/2020,t,79,90,1124
11226163,10/19/2020,f,250,1,1125
11228977,10/19/2020,f,350,2,1125
10985692,10/20/2020,f,375,2,1125
9813603,10/22/2020,f,400,3,1125
10987590,10/22/2020,f,195,3,21
10988557,10/20/2020,f,113,1,1125
11239535,10/19/2020,f,150,1,7
10993131,10/20/2020,f,325,3,1125
11242704,10/19/2020,f,160,2,1125
9822958,10/20/2020,f,69,2,1125
10995390,10/20/2020,f,350,1,1125
10995584,10/20/2020,f,250,1,1125
11244040,10/22/2020,f,100,1,1125
9840250,10/21/2020,t,348,2,1125
11250951,10/23/2020,t,400,3,1125
11255530,10/19/2020,f,750,2,9
10996085,10/20/2020,f,200,2,1125
11008164,10/22/2020,f,249,2,1125
11256270,10/19/2020,f,170,2,1125
9845536,10/20/2020,f,689,1,1125
11014587,10/20/2020,t,200,1,1125
11257256,10/19/2020,f,120,21,1125
11020832,10/20/2020,f,599,3,1125
11259653,10/19/2020,f,25,1,1125
9868816,10/20/2020,f,80,1,1125
11022094,10/22/2020,t,81,30,60
11259781,10/19/2020,f,200,1,1125
11034674,10/21/2020,f,195,30,60
9902174,10/20/2020,f,85,2,1125
11260474,10/22/2020,f,89,1,1125
11047093,10/20/2020,f,94,2,1125
11260824,10/22/2020,f,275,1,1125
11051606,10/20/2020,f,215,30,365
9903299,10/24/2020,f,245,2,1125
11262298,10/24/2020,f,125,3,5
11061484,10/22/2020,f,150,175,1125
11067353,10/20/2020,f,400,1,1125
9909751,10/22/2020,f,200,,
11274398,10/19/2020,f,120,2,1125
11068604,10/23/2020,t,99,1,1125
9917865,10/20/2020,f,150,1,1125
11274406,10/22/2020,f,150,1,1125
11087992,10/20/2020,f,1000,3,1125
9924242,10/20/2020,f,1200,1,1125
11291196,10/19/2020,f,350,3,1125
11292516,10/19/2020,f,250,3,1125
11088058,10/22/2020,t,100,,
9934794,10/20/2020,f,400,1,1125
11098003,10/20/2020,f,575,1,4
11294317,10/19/2020,f,250,2,1125
11298101,10/21/2020,f,50,1,1125
11099292,10/21/2020,f,75,2,5
11099663,10/20/2020,f,75,2,1125
11298538,10/22/2020,f,70,2,1125
11298869,10/19/2020,f,800,4,1125
11099975,10/20/2020,f,150,1,1125
11100163,10/20/2020,f,100,1,1125
9935362,10/20/2020,f,105,2,1125
11101584,10/20/2020,f,99,3,30
9936343,10/20/2020,t,450,4,1125
11302252,10/24/2020,f,850,1,1125
11102000,10/20/2020,f,170,28,1125
9941582,10/20/2020,f,495,3,1125
11303550,10/19/2020,f,80,2,1125
9951914,10/22/2020,f,90,1,1125
11102363,10/20/2020,f,500,2,14
9968110,10/20/2020,f,200,2,1125
11303741,10/19/2020,f,1500,1,1125
11103461,10/20/2020,f,95,3,30
9976602,10/20/2020,f,50,22,300
11306510,10/24/2020,f,55,2,22
11103729,10/20/2020,f,420,3,1125
11318454,10/20/2020,f,200,2,1125
11104114,10/20/2020,t,150,1,1125
9986532,10/22/2020,f,116,30,1125
11105744,10/19/2020,f,200,1,1125
11323569,10/24/2020,f,350,1,1125
9997614,10/20/2020,f,84,1,1125
11323660,10/20/2020,f,275,2,1125
11112402,10/21/2020,f,99,2,1125
11112808,10/20/2020,f,281,1,3
11324422,10/20/2020,f,600,3,1125
11324822,10/20/2020,f,1000,3,1125
11325012,10/20/2020,f,92,2,1125
11116656,10/19/2020,f,500,,
11119466,10/22/2020,t,149,3,1125
11325599,10/20/2020,f,50,1,1125
11122045,10/22/2020,f,175,2,1125
11330408,10/22/2020,f,75,2,1125
10012712,10/20/2020,f,650,2,1125
11124080,10/22/2020,t,1499,4,1125
11337722,10/20/2020,f,42,1,1125
11133965,10/21/2020,f,22,31,1125
10015237,10/20/2020,f,145,30,1125
11339298,10/20/2020,t,275,3,12
11135685,10/19/2020,f,65,,
11341347,10/20/2020,f,85,1,1125
11341479,10/20/2020,f,1600,1,1125
11351108,10/21/2020,f,299,1,28
11138951,10/20/2020,f,440,2,1125
11141629,10/20/2020,f,130,7,60
11352087,10/20/2020,f,27,1,7
11143943,10/19/2020,f,185,2,1125
10042129,10/20/2020,t,299,1,1125
11357971,10/22/2020,f,179,2,1125
11359257,10/20/2020,f,42,7,1125
11144632,10/19/2020,f,125,2,14
11360943,10/21/2020,f,110,2,1125
10052537,10/20/2020,t,299,1,1125
11144738,10/20/2020,f,250,2,25
11144966,10/19/2020,f,200,1,1125
11362264,10/24/2020,f,60,1,1125
11144991,10/21/2020,f,75,2,5
11369999,10/22/2020,f,79,1,6
10062315,10/20/2020,f,550,4,21
11145002,10/19/2020,f,60,1,1125
11373188,10/22/2020,f,99,3,1125
11374424,10/20/2020,f,50,28,1125
11145027,10/19/2020,f,329,,
11146767,10/19/2020,f,100,1,1125
10069202,10/22/2020,f,121,1,1125
11377313,10/20/2020,f,75,1,1125
11147279,10/19/2020,f,249,7,1125
11459171,10/20/2020,f,200,3,7
11378134,10/20/2020,f,225,1,1125
11459538,10/20/2020,f,160,1,1125
10069609,10/20/2020,f,925,1,1125
11380001,10/20/2020,f,59,1,5
11463374,10/20/2020,f,1500,2,1125
11395632,10/20/2020,f,500,1,1125
10071238,10/22/2020,f,199,3,1125
11396320,10/22/2020,f,250,1,1125
11469522,10/22/2020,f,150,2,29
11398275,10/20/2020,f,275,3,1125
10071591,10/20/2020,f,1360,30,1125
11400538,10/20/2020,f,91,2,1125
10096170,10/20/2020,f,29,28,31
11409366,10/22/2020,f,400,2,4
11473086,10/20/2020,f,68,3,30
10209163,10/20/2020,f,109,2,1125
10234161,10/24/2020,f,60,1,1125
11474166,10/23/2020,f,299,2,1125
11409492,10/20/2020,f,489,4,1125
11410715,10/20/2020,f,200,1,1125
11412040,10/20/2020,f,50,3,1125
11475165,10/20/2020,f,3000,1,1125
10248223,10/22/2020,f,625,1,1125
11478219,10/20/2020,t,150,9,1125
10254489,10/20/2020,f,132,5,365
11412838,10/20/2020,f,225,1,3
10268403,10/20/2020,f,300,3,30
11479813,10/20/2020,t,1550,3,1125
11413937,10/20/2020,f,199,1,1125
11480002,10/20/2020,f,120,2,1125
10268720,10/20/2020,f,305,1,1125
11480675,10/20/2020,f,350,1,1125
11414461,10/20/2020,f,75,1,1125
10273573,10/20/2020,f,33,3,1125
11415319,10/20/2020,f,89,3,365
11492087,10/20/2020,f,100,1,1125
11415697,10/20/2020,f,100,1,1125
10308994,10/21/2020,t,184,1,365
11417129,10/22/2020,f,65,3,28
11492549,10/20/2020,f,300,3,1125
11417837,10/20/2020,t,850,3,1125
10331035,10/20/2020,f,99,1,1125
11493326,10/22/2020,f,329,2,1125
11419100,10/20/2020,f,400,1,1125
11493357,10/20/2020,f,250,1,1125
11419443,10/20/2020,f,95,3,11
10336181,10/20/2020,f,149,1,1125
11493555,10/20/2020,f,150,1,1125
11421064,10/24/2020,f,170,2,1125
11495365,10/20/2020,f,199,1,1125
10355760,10/20/2020,f,75,4,14
11421176,10/21/2020,f,30,2,28
11496663,10/20/2020,f,350,5,14
11422242,10/20/2020,f,350,2,1125
10367683,10/20/2020,f,342,6,1125
11422368,10/20/2020,f,180,5,1125
11505260,10/21/2020,f,99,7,1125
11509185,10/20/2020,f,1200,4,14
11422502,10/22/2020,f,380,,
10377695,10/20/2020,f,62,2,17
11510301,10/24/2020,f,224,1,1125
11422671,10/22/2020,f,125,,
10382291,10/20/2020,f,87,1,1125
11510915,10/20/2020,f,45,1,14
11422986,10/22/2020,f,79,30,1125
11513518,10/20/2020,f,68,2,5
10391759,10/22/2020,f,70,2,28
11514631,10/20/2020,f,269,1,100
11519361,10/20/2020,f,77,1,30
11424382,10/22/2020,f,260,2,1125
11523081,10/20/2020,t,500,2,7
11525270,10/20/2020,f,350,1,1125
11431211,10/20/2020,f,1500,1,1125
10403040,10/20/2020,f,99,2,1125
11525286,10/20/2020,f,150,2,30
11432108,10/20/2020,f,400,3,1125
11434645,10/20/2020,f,40,1,1125
11526089,10/20/2020,f,195,1,1125
11526358,10/20/2020,f,175,1,1125
11435715,10/22/2020,f,80,1,1125
11438029,10/20/2020,f,800,1,1125
10408722,10/20/2020,f,89,2,1125
11526499,10/22/2020,t,52,1,1125
11438084,10/22/2020,t,200,1,1125
11526853,10/24/2020,f,59,1,1125
11438207,10/20/2020,f,1950,1,1125
11439003,10/24/2020,f,125,5,1125
11530645,10/20/2020,f,89,2,1125
11439333,10/20/2020,t,1200,3,10
10409985,10/20/2020,f,65,30,60
11440511,10/22/2020,f,130,,
11530655,10/20/2020,f,80,2,1125
11530758,10/20/2020,f,220,2,1125
11441874,10/20/2020,f,182,1,1125
11442375,10/20/2020,t,110,2,1125
11445450,10/20/2020,f,119,5,1125
11530802,10/20/2020,f,65,1,1125
10412406,10/24/2020,f,50,1,1125
11531248,10/20/2020,f,65,2,1125
11452028,10/20/2020,f,1300,1,1125
11455437,10/20/2020,f,291,2,1125
11532963,10/20/2020,f,120,30,120
10415975,10/20/2020,t,900,3,1125
11533715,10/20/2020,f,250,4,1125
11457218,10/20/2020,f,299,2,1125
11458508,10/20/2020,f,100,1,1125
11534656,10/20/2020,f,200,1,1125
11540342,10/20/2020,f,200,1,10
11458582,10/20/2020,f,200,1,1125
10426783,10/22/2020,f,110,2,1125
11545503,10/20/2020,f,58,1,1125
11674520,10/24/2020,f,300,3,5
11547181,10/20/2020,f,100,1,1125
10433894,10/20/2020,f,19,1,1125
11547507,10/20/2020,f,95,2,1125
11675903,10/19/2020,f,80,3,8
10438327,10/20/2020,f,250,4,1125
11676408,10/22/2020,f,90,2,1125
11548530,10/24/2020,f,495,30,30
11677163,10/21/2020,f,65,1,1125
10438383,10/20/2020,f,70,1,1125
11548720,10/20/2020,f,55,1,30
11548814,10/20/2020,f,106,1,1125
11677901,10/19/2020,f,450,1,1125
10438567,10/22/2020,f,90,3,1125
11554430,10/20/2020,f,90,2,12
11678109,10/21/2020,t,100,2,15
11678166,10/19/2020,f,165,1,1125
11554660,10/20/2020,f,29,1,1125
10451030,10/20/2020,f,80,2,14
11555193,10/24/2020,t,600,1,1125
10451710,10/20/2020,f,82,2,29
11556100,10/22/2020,f,350,3,1125
11678570,10/19/2020,f,1400,1,1125
10473026,10/22/2020,t,75,21,1125
11564804,10/20/2020,f,40,1,1125
11679110,10/22/2020,t,300,3,14
11679224,10/19/2020,f,375,3,9
11679274,10/20/2020,t,300,3,14
11568190,10/20/2020,f,65,2,7
11679545,10/21/2020,f,70,1,1125
10475500,10/20/2020,f,350,2,1125
11569513,10/20/2020,f,599,4,1125
11570934,10/22/2020,f,85,1,5
11679677,10/22/2020,f,150,,
10499836,10/22/2020,t,350,2,1125
11679773,10/19/2020,f,200,1,1125
10501614,10/20/2020,f,75,2,1125
11571468,10/20/2020,f,500,1,1125
11679824,10/19/2020,f,150,1,1125
11679830,10/19/2020,f,150,1,1125
11679913,10/21/2020,f,125,,
11581222,10/22/2020,f,65,1,6
11582325,10/20/2020,f,700,1,1125
11583653,10/20/2020,f,199,3,1124
10518831,10/20/2020,t,900,1,1125
11680816,10/21/2020,f,125,,
11584119,10/20/2020,f,99,2,1125
11681194,10/24/2020,t,450,4,60
10524453,10/20/2020,f,1400,2,1125
11586351,10/22/2020,f,300,1,1125
11586531,10/22/2020,f,200,2,5
11691484,10/19/2020,f,180,2,1125
10525454,10/20/2020,f,47,1,1125
11692487,10/22/2020,f,40,1,1125
11586693,10/23/2020,f,89,1,30
11692489,10/22/2020,f,69,1,1125
11588056,10/20/2020,f,130,2,1125
10526238,10/20/2020,f,100,4,1125
11695620,10/24/2020,f,399,2,1125
11695915,10/19/2020,f,99,2,29
11589535,10/20/2020,t,200,1,1125
10539443,10/22/2020,f,28,1,1125
11589978,10/20/2020,f,75,2,1125
11696466,10/19/2020,f,400,1,1125
10540208,10/20/2020,f,500,2,1125
11592042,10/20/2020,f,250,1,1125
10541666,10/20/2020,f,65,1,1125
11697789,10/19/2020,f,75,3,9
11592622,10/22/2020,f,175,,
11697819,10/22/2020,f,130,1,1125
11698570,10/19/2020,f,150,1,1125
11592645,10/20/2020,f,220,1,1125
10547716,10/20/2020,f,688,2,1125
10547747,10/20/2020,f,250,2,7
11700105,10/24/2020,t,250,1,1125
11594140,10/22/2020,f,60,2,1125
10551854,10/20/2020,f,75,1,1125
11701037,10/21/2020,t,120,3,1125
11596299,10/22/2020,f,325,,
11711429,10/22/2020,t,280,1,1125
11601524,10/24/2020,f,165,2,10
10569418,10/20/2020,f,400,2,1125
11712399,10/22/2020,t,75,2,10
11602651,10/22/2020,f,200,1,1125
11717286,10/22/2020,f,100,1,1125
11602685,10/22/2020,f,200,1,7
11717499,10/24/2020,f,100,2,7
11603186,10/20/2020,f,100,1,7
10571535,10/20/2020,f,29,3,1125
11719464,10/22/2020,f,599,1,1125
11604424,10/21/2020,f,200,1,1125
11604920,10/20/2020,f,750,3,10
11719566,10/22/2020,f,30,,
11719946,10/19/2020,f,27,1,1125
11720732,10/22/2020,f,175,1,1125
11721295,10/22/2020,f,250,1,1125
11605217,10/20/2020,f,200,5,1125
11607713,10/20/2020,f,195,1,1125
11722091,10/22/2020,f,700,1,1125
10576483,10/20/2020,f,25,1,1125
11608417,10/22/2020,f,75,1,1125
11722114,10/19/2020,f,27,1,1125
11731315,10/22/2020,f,200,1,1125
11608692,10/22/2020,f,130,2,2
11609296,10/20/2020,f,100,1,1125
11733783,10/22/2020,f,300,,
10576585,10/20/2020,f,65,1,1125
11609664,10/20/2020,f,150,1,20
11736631,10/19/2020,f,275,1,1125
11609810,10/22/2020,f,125,1,1125
10576853,10/20/2020,f,120,2,1125
11737028,10/22/2020,f,225,1,1125
11610023,10/21/2020,f,70,,
11739145,10/19/2020,f,399,1,1125
11611131,10/20/2020,f,450,2,1125
11740758,10/19/2020,f,99,1,1125
10586177,10/24/2020,f,450,2,90
11611799,10/24/2020,f,50,1,1125
11741468,10/19/2020,f,40,2,1125
11741607,10/19/2020,f,600,1,1125
11618517,10/21/2020,f,1250,3,11
10588060,10/22/2020,f,200,2,1125
11742342,10/19/2020,f,135,3,1125
11618910,10/19/2020,f,79,2,1125
11742431,10/22/2020,f,75,1,1125
10592588,10/20/2020,f,385,3,5
11619200,10/19/2020,f,600,1,1125
11743197,10/22/2020,f,250,,
10606818,10/20/2020,t,285,2,1125
11619880,10/22/2020,f,56,5,1125
11621288,10/19/2020,f,825,3,5
11754612,10/22/2020,f,75,1,1125
11755611,10/22/2020,f,150,3,1125
11757228,10/20/2020,f,100,2,1125
11621881,10/21/2020,f,600,,
11757966,10/19/2020,f,400,1,1125
11622012,10/19/2020,f,225,2,1125
10609096,10/20/2020,f,230,2,1125
11622156,10/24/2020,f,85,1,7
11771703,10/22/2020,f,95,1,1125
10611619,10/20/2020,f,300,7,120
11622259,10/20/2020,f,405,2,4
11622925,10/19/2020,f,399,2,4
11774995,10/22/2020,f,80,1,1125
11776350,10/22/2020,f,50,1,1125
10614407,10/20/2020,f,78,2,1125
11778403,10/22/2020,f,400,1,1125
11623077,10/21/2020,f,350,3,5
11624296,10/21/2020,f,150,1,1125
11791397,10/21/2020,f,95,2,7
11795213,10/19/2020,f,105,2,1125
11815241,10/22/2020,f,282,2,366
12516969,10/20/2020,t,500,2,12
11817159,10/19/2020,f,600,1,1125
11627169,10/19/2020,f,250,2,7
11631657,10/22/2020,f,125,2,1125
11819911,10/20/2020,f,65,1,1125
11635174,10/22/2020,f,44,1,1125
11636642,10/19/2020,f,160,1,1125
12519062,10/19/2020,f,55,30,1125
11828602,10/22/2020,f,85,2,14
11638016,10/22/2020,f,55,5,1125
11639572,10/22/2020,f,23,30,1125
11829345,10/22/2020,f,125,,
11834826,10/23/2020,f,150,1,1125
11639594,10/19/2020,f,100,1,1125
12534356,10/22/2020,f,80,3,1125
12538954,10/20/2020,f,119,2,1125
11857847,10/19/2020,f,399,2,1125
11641147,10/21/2020,f,175,1,1125
12561873,10/22/2020,f,385,5,9
11647509,10/19/2020,f,60,1,1125
11862327,10/20/2020,f,57,3,1125
11648935,10/19/2020,f,1250,4,1125
11865157,10/22/2020,f,60,1,1125
11869687,10/19/2020,f,54,2,1125
11652334,10/19/2020,f,59,1,1125
12582089,10/22/2020,f,250,2,10
11655031,10/24/2020,f,250,1,1125
11885526,10/19/2020,f,125,1,1125
11885610,10/19/2020,f,50,1,1125
12592680,10/20/2020,f,235,2,1125
11656211,10/20/2020,t,300,1,1125
11657055,10/23/2020,f,250,1,1125
11888785,10/22/2020,f,125,1,1125
12601763,10/20/2020,t,916,2,28
11907156,10/20/2020,f,75,31,360
11658430,10/23/2020,f,2000,7,1125
11659369,10/22/2020,t,750,3,30
12610805,10/24/2020,f,300,2,1125
11907813,10/22/2020,f,100,1,1125
11660347,10/19/2020,f,375,4,1125
12649673,10/22/2020,f,75,2,5
11660447,10/19/2020,f,89,3,1125
11931562,10/19/2020,f,20,1,1125
11666642,10/19/2020,f,150,1,1125
11937703,10/24/2020,f,149,45,999
11942944,10/19/2020,f,180,1,1125
12677064,10/22/2020,f,110,2,15
11670278,10/19/2020,f,40,1,1125
11673987,10/20/2020,f,500,2,1125
11959131,10/22/2020,f,86,1,1125
13658208,10/22/2020,f,85,5,180
12700824,10/20/2020,f,295,2,1125
12734278,10/22/2020,f,99,30,1125
11992594,10/24/2020,f,52,7,1125
13658216,10/22/2020,t,107,1,1125
12740106,10/19/2020,f,149,2,1125
13671245,10/21/2020,f,250,2,90
12016436,10/22/2020,f,129,4,1124
12021271,10/20/2020,t,119,2,1121
13685912,10/21/2020,t,475,2,1125
12762715,10/19/2020,f,60,1,1125
13693695,10/19/2020,f,125,1,4
12034873,10/20/2020,f,99,1,1125
13695279,10/19/2020,f,55,3,45
12035400,10/20/2020,t,299,3,1125
12765604,10/19/2020,f,85,1,180
13697265,10/22/2020,f,110,2,1125
12038787,10/20/2020,f,499,3,1125
13698295,10/22/2020,f,308,2,30
12042980,10/20/2020,f,600,3,1125
13699809,10/21/2020,t,595,2,14
12128562,10/24/2020,f,180,2,1125
12776715,10/21/2020,f,159,2,1125
13701593,10/21/2020,f,45,2,1125
12777558,10/19/2020,f,115,1,7
12782124,10/19/2020,f,95,1,1125
12131039,10/20/2020,t,175,1,1125
13713744,10/21/2020,f,445,3,1125
13714102,10/19/2020,f,50,1,3
12782860,10/20/2020,t,450,1,1125
12136858,10/21/2020,t,75,2,1125
13714763,10/21/2020,f,80,1,30
12791366,10/24/2020,f,100,7,30
12159095,10/19/2020,f,85,2,1125
13716298,10/24/2020,f,45,30,1125
12791898,10/19/2020,f,65,7,90
12165731,10/22/2020,f,19,30,365
13728800,10/22/2020,f,195,,
12808572,10/24/2020,f,80,30,190
13730122,10/20/2020,f,49,30,180
12194423,10/20/2020,f,39,1,28
12210361,10/20/2020,f,22,31,1125
12810943,10/19/2020,f,130,14,1125
13730506,10/20/2020,f,400,3,14
12223667,10/24/2020,f,191,1,365
12813352,10/21/2020,f,325,3,1125
13733969,10/23/2020,f,134,30,1125
12224361,10/22/2020,f,69,1,15
12827534,10/21/2020,f,450,3,1125
13746927,10/22/2020,f,725,3,1125
12249863,10/19/2020,f,75,1,5
12260867,10/22/2020,f,90,1,14
12291238,10/19/2020,f,125,2,1125
13766436,10/21/2020,f,150,,
12829465,10/22/2020,f,85,1,1125
12291701,10/19/2020,f,38,1,1125
13766999,10/24/2020,f,85,2,1125
12302534,10/20/2020,f,400,30,1125
13771211,10/19/2020,f,80,1,7
12832467,10/21/2020,f,250,3,1125
12308357,10/20/2020,f,144,1,21
13771324,10/19/2020,f,75,1,1125
12309900,10/22/2020,f,290,2,1125
13785841,10/21/2020,t,950,2,1125
12846564,10/19/2020,f,89,2,1125
12317081,10/19/2020,f,85,1,1125
13788818,10/20/2020,f,500,3,28
13800533,10/21/2020,f,75,1,1125
12336677,10/24/2020,f,25,28,200
12847393,10/20/2020,t,97,2,1125
13828639,10/21/2020,f,130,,
12337021,10/19/2020,f,53,1,4
12854136,10/20/2020,t,500,2,1125
13841198,10/19/2020,f,110,1,1125
12338100,10/22/2020,f,180,2,1125
13843877,10/24/2020,f,250,3,1125
12356632,10/20/2020,f,265,3,1125
12856237,10/20/2020,f,69,30,61
13848702,10/20/2020,f,49,28,1125
12366570,10/19/2020,f,115,2,1125
13858544,10/24/2020,f,315,2,1125
12865420,10/22/2020,f,65,29,1125
12385369,10/19/2020,f,55,1,7
13860164,10/22/2020,f,175,2,7
12866445,10/19/2020,f,400,2,1125
12395607,10/22/2020,f,100,31,31
13864346,10/19/2020,f,94,1,1125
12424459,10/19/2020,f,100,2,1125
13865143,10/24/2020,f,215,2,7
12868817,10/19/2020,f,200,2,1125
13866655,10/20/2020,f,82,2,1125
12431608,10/24/2020,f,179,4,1125
12872920,10/20/2020,f,40,90,1125
13867530,10/24/2020,f,74,1,20
12434404,10/20/2020,f,69,1,1125
12885992,10/20/2020,f,109,3,1125
13900462,10/20/2020,t,80,3,7
12889332,10/19/2020,f,25,29,400
12472546,10/19/2020,f,59,3,1125
12910442,10/22/2020,f,109,3,1125
13909405,10/19/2020,f,125,2,14
12482258,10/22/2020,f,2700,30,1000
12912837,10/20/2020,f,800,2,12
13912501,10/21/2020,f,225,2,7
13912882,10/19/2020,f,30,10,1125
12489539,10/19/2020,f,200,2,1125
13913337,10/21/2020,f,282,2,366
12916757,10/22/2020,f,64,1,60
13914938,10/22/2020,f,85,,
13941193,10/20/2020,f,95,2,1125
12917949,10/20/2020,f,450,3,90
13986233,10/19/2020,f,70,1,7
12928714,10/19/2020,f,160,2,9
13993741,10/20/2020,t,100,1,1125
12933402,10/22/2020,f,90,2,1125
12507805,10/21/2020,f,105,30,1125
13994501,10/20/2020,f,175,3,1125
14009283,10/21/2020,f,50,15,45
12513831,10/21/2020,f,36,30,1125
14575388,10/22/2020,f,202,2,1125
14024045,10/20/2020,f,74,2,1125
12941286,10/23/2020,f,150,2,1125
14026446,10/20/2020,f,79,30,1125
14575753,10/19/2020,f,31,2,17
12946025,10/19/2020,f,95,1,1125
14587157,10/20/2020,t,995,2,1125
14039805,10/19/2020,f,35,2,4
14595080,10/23/2020,f,125,1,5
12948242,10/19/2020,f,50,3,1125
14055197,10/21/2020,f,5000,,
14603194,10/20/2020,f,1600,3,14
14057627,10/19/2020,f,54,3,1125
14609621,10/19/2020,f,150,1,1125
12954798,10/19/2020,f,65,1,3
14611024,10/21/2020,f,90,1,1125
14057733,10/24/2020,f,102,30,1125
14068513,10/21/2020,f,282,2,366
14069226,10/22/2020,f,282,,
14614986,10/22/2020,f,89,30,1125
14069620,10/21/2020,f,282,2,366
12962587,10/22/2020,t,150,3,1125
14616676,10/22/2020,f,182,1,60
14069621,10/21/2020,f,199,2,1125
14627824,10/20/2020,f,90,2,14
14069917,10/22/2020,f,282,2,366
14631218,10/19/2020,f,85,1,5
14070258,10/21/2020,f,282,2,366
12964897,10/21/2020,t,495,3,1125
14632346,10/22/2020,f,49,1,1125
14071933,10/21/2020,f,282,2,366
12983697,10/22/2020,f,116,3,10
14636770,10/22/2020,f,236,,
14072370,10/21/2020,f,282,2,366
14652041,10/22/2020,f,300,2,1125
14072680,10/22/2020,f,282,,
12988794,10/19/2020,f,2250,2,1125
12991767,10/20/2020,f,100,3,6
14073051,10/22/2020,f,282,2,366
14671618,10/22/2020,f,127,2,90
14073415,10/23/2020,f,282,2,366
14073594,10/22/2020,f,282,2,366
14671731,10/24/2020,f,167,2,1125
13045515,10/24/2020,f,144,3,12
14671902,10/22/2020,f,395,7,1125
14074010,10/22/2020,f,282,,
14074230,10/21/2020,f,282,2,366
14685097,10/19/2020,f,100,1,1125
13055125,10/19/2020,f,99,2,1125
14077729,10/22/2020,f,85,30,180
14697359,10/20/2020,f,199,2,1125
13096566,10/22/2020,f,72,90,150
14091889,10/19/2020,f,80,1,7
14706958,10/22/2020,f,91,,
14091950,10/20/2020,f,65,1,1125
14093766,10/22/2020,f,109,2,10
14708252,10/22/2020,f,165,2,1125
14709100,10/22/2020,f,55,2,12
14093781,10/19/2020,f,50,1,1125
14104728,10/19/2020,f,98,2,1125
14729699,10/20/2020,f,150,43,43
13111137,10/19/2020,f,82,2,1125
14124451,10/22/2020,f,79,4,100
14731134,10/19/2020,f,125,3,1125
14733271,10/22/2020,f,699,4,25
14741664,10/24/2020,f,149,2,1125
14126411,10/19/2020,f,78,2,1125
14126780,10/22/2020,f,270,2,5
14127190,10/20/2020,f,75,2,1125
14745552,10/21/2020,f,79,1,1125
14745824,10/22/2020,t,110,1,1124
14747078,10/24/2020,f,75,1,30
14127832,10/24/2020,f,35,2,6
14143642,10/21/2020,t,77,1,1125
14750497,10/24/2020,f,60,2,1125
13112064,10/19/2020,f,150,3,5
13115533,10/21/2020,t,350,2,1125
14756717,10/19/2020,f,89,2,1125
14149815,10/22/2020,f,48,,
14163920,10/22/2020,f,500,3,7
13117051,10/19/2020,f,115,2,60
14166836,10/22/2020,f,649,2,1125
14758039,10/20/2020,f,100,1,1125
14769253,10/20/2020,f,110,1,1125
13123061,10/19/2020,f,50,1,1125
14186189,10/19/2020,f,115,2,1125
14773140,10/22/2020,f,169,2,1125
13124561,10/22/2020,f,129,,
14198704,10/19/2020,f,150,1,1125
14775358,10/21/2020,f,199,2,1125
14205388,10/20/2020,f,37,29,1125
14784589,10/21/2020,f,107,2,1125
13126667,10/21/2020,f,35,5,1125
14205488,10/22/2020,f,37,29,1125
14213692,10/19/2020,f,91,1,7
14785315,10/22/2020,f,250,30,365
13128065,10/21/2020,f,42,1,1125
14785881,10/22/2020,f,75,2,1125
14220861,10/22/2020,f,37,30,1125
13140432,10/19/2020,f,235,2,60
14220930,10/22/2020,f,37,30,1125
14788200,10/22/2020,f,45,,
14789393,10/20/2020,f,60,30,365
14221592,10/20/2020,f,16,30,1125
13152496,10/20/2020,f,190,2,1125
14808239,10/20/2020,f,700,1,1125
14820133,10/20/2020,f,65,2,1125
13154457,10/24/2020,f,270,2,10
14824538,10/20/2020,f,82,30,120
14248025,10/20/2020,t,49,30,1125
14249237,10/19/2020,f,40,1,30
13172684,10/22/2020,f,100,1,1125
14825009,10/22/2020,t,69,3,1125
14253492,10/20/2020,f,179,1,1125
14266336,10/22/2020,f,325,3,12
13172754,10/22/2020,f,50,1,1125
14834774,10/22/2020,f,170,2,7
13185122,10/22/2020,f,349,3,10
14268142,10/20/2020,f,85,2,60
14281779,10/20/2020,f,89,3,1125
14844106,10/22/2020,f,175,7,1125
14282301,10/24/2020,f,550,2,1125
13185632,10/22/2020,t,85,2,1125
14857970,10/22/2020,f,92,3,1125
13188368,10/22/2020,f,475,1,1125
14282701,10/22/2020,f,36,1,7
14869837,10/22/2020,f,123,150,1125
14880081,10/22/2020,f,135,2,1125
13201325,10/24/2020,f,495,3,30
14303616,10/19/2020,f,124,1,1125
14304274,10/24/2020,f,599,4,1125
14882299,10/22/2020,f,149,2,1125
14317580,10/19/2020,f,390,2,7
14352406,10/19/2020,f,449,3,1125
13207693,10/22/2020,f,45,1,7
14894891,10/19/2020,f,550,2,1125
13259299,10/19/2020,f,150,2,1125
14367760,10/20/2020,f,185,2,1125
13264610,10/19/2020,f,50,1,1125
14895186,10/20/2020,t,88,2,10
14384238,10/22/2020,f,37,29,1125
14387270,10/20/2020,f,180,2,1125
13266376,10/22/2020,f,40,2,5
14389781,10/22/2020,f,400,3,30
14900344,10/21/2020,f,249,30,1125
13275119,10/24/2020,f,150,2,1125
14900580,10/20/2020,f,130,2,30
14902411,10/20/2020,f,89,2,1125
14419925,10/19/2020,f,175,2,5
14914673,10/19/2020,f,98,3,29
14430270,10/24/2020,f,99,1,7
13280573,10/22/2020,f,35,14,90
14463342,10/24/2020,f,16,29,1125
14915835,10/20/2020,f,375,2,1125
13291056,10/22/2020,f,140,,
14474805,10/22/2020,f,659,3,1125
14919245,10/21/2020,f,53,1,1125
14483719,10/22/2020,f,16,,
14927066,10/20/2020,t,195,2,1125
13296710,10/24/2020,f,60,2,31
14485320,10/22/2020,f,76,,
14488932,10/22/2020,f,500,3,1125
14930867,10/22/2020,f,99,2,1125
14932658,10/19/2020,f,375,2,5
14490326,10/20/2020,f,110,2,8
13298454,10/20/2020,f,393,1,1125
14944888,10/21/2020,f,40,31,364
14949492,10/20/2020,f,89,3,1125
14501733,10/22/2020,f,111,1,1125
13311143,10/19/2020,f,60,20,35
14961407,10/20/2020,f,163,2,1125
14518503,10/21/2020,f,95,2,1125
14520673,10/19/2020,f,50,1,1125
14964688,10/20/2020,f,85,30,1125
14536154,10/23/2020,f,250,2,1125
13317425,10/22/2020,f,55,1,1125
14966345,10/22/2020,f,100,2,1125
13330795,10/22/2020,f,85,30,180
14536507,10/20/2020,t,69,2,365
14969194,10/22/2020,f,1010,1,1125
14551167,10/22/2020,f,600,1,20
14979866,10/24/2020,f,36,1,1125
14983224,10/22/2020,t,250,2,1125
13331419,10/22/2020,t,99,1,1125
14984942,10/20/2020,f,125,2,1125
15178222,10/20/2020,f,55,1,1125
13331821,10/19/2020,f,70,1,1125
14989549,10/22/2020,f,225,2,1125
13343297,10/19/2020,f,18,1,3
13345029,10/22/2020,f,95,2,30
15178907,10/19/2020,f,200,1,1125
13361970,10/22/2020,f,30,1,13
14991271,10/21/2020,f,300,2,1125
15182719,10/20/2020,f,500,2,1125
14993882,10/20/2020,f,200,2,1125
13376382,10/24/2020,f,100,1,14
15191175,10/22/2020,f,71,2,1125
15192607,10/24/2020,f,50,10,31
13390450,10/22/2020,f,69,,
14995082,10/20/2020,f,350,150,365
15004681,10/22/2020,f,300,2,1125
15194730,10/24/2020,f,212,3,1125
15195530,10/22/2020,f,220,,
13394093,10/22/2020,f,1250,2,3
15004779,10/19/2020,f,109,2,31
15201391,10/20/2020,f,525,1,1125
13404978,10/22/2020,f,75,,
15006546,10/22/2020,f,85,2,10
15205439,10/24/2020,f,46,1,5
15008897,10/22/2020,f,79,2,1125
15206817,10/19/2020,f,68,1,30
15208027,10/21/2020,t,120,2,1125
15010098,10/20/2020,f,125,2,1125
15208205,10/20/2020,t,145,2,14
13410286,10/22/2020,f,125,,
15216392,10/19/2020,f,625,2,15
15018327,10/19/2020,f,200,2,5
15217595,10/21/2020,f,15,2,6
15018860,10/22/2020,f,57,1,5
13436608,10/22/2020,f,88,1,1125
15023525,10/22/2020,f,60,1,1125
15220915,10/21/2020,t,120,1,1125
15025313,10/20/2020,f,196,2,1125
15221277,10/21/2020,t,39,2,1125
15025407,10/20/2020,f,1700,1,3
15026051,10/22/2020,f,200,3,1125
15232873,10/23/2020,f,150,3,1125
15233818,10/19/2020,f,139,1,3
15026461,10/21/2020,f,500,1,1125
13436718,10/21/2020,f,85,90,1125
15235776,10/24/2020,f,125,2,7
15034794,10/20/2020,f,16,30,1125
15236490,10/22/2020,f,450,3,28
15035937,10/21/2020,f,125,3,1125
15239043,10/24/2020,f,53,1,21
13451793,10/24/2020,f,111,2,12
15037867,10/23/2020,f,210,1,1125
15041151,10/22/2020,f,46,30,1125
15239666,10/21/2020,t,200,2,1125
15042047,10/22/2020,f,99,1,1125
15241699,10/20/2020,f,45,1,95
15251022,10/19/2020,f,60,1,3
13465393,10/20/2020,f,75,2,1125
15043605,10/19/2020,f,150,1,1125
15052633,10/21/2020,f,39,2,1125
13468074,10/23/2020,f,600,2,10
15255134,10/21/2020,f,180,3,1125
15056465,10/22/2020,f,339,2,1125
15268290,10/22/2020,f,140,1,1125
13471658,10/22/2020,f,145,3,5
15063141,10/22/2020,f,375,1,14
15270093,10/20/2020,f,134,1,1125
15271035,10/22/2020,f,200,3,1125
15272817,10/22/2020,f,47,,
15274691,10/22/2020,f,45,2,1125
15067536,10/20/2020,f,69,2,1125
13481212,10/20/2020,f,150,30,1125
15283295,10/20/2020,f,129,3,45
15283358,10/21/2020,f,25,1,1125
15284276,10/22/2020,f,350,2,1125
15286052,10/22/2020,f,115,2,1125
15073482,10/22/2020,f,145,2,1125
15074079,10/20/2020,f,90,1,5
15288554,10/20/2020,f,200,1,7
13488614,10/22/2020,t,368,,
15074147,10/20/2020,t,199,2,1125
15081404,10/22/2020,f,49,1,1125
15086376,10/21/2020,t,549,2,1125
15288883,10/19/2020,f,699,2,1125
15295822,10/19/2020,f,220,1,2
15299266,10/19/2020,f,120,1,5
15095118,10/22/2020,f,198,2,1125
15302918,10/24/2020,f,150,1,1125
15315326,10/20/2020,t,72,2,12
15095434,10/20/2020,t,70,1,1125
15109468,10/24/2020,f,23,29,1125
15113719,10/21/2020,f,350,2,10
15320796,10/20/2020,f,400,1,1125
15321919,10/21/2020,f,84,2,1125
15322178,10/19/2020,f,112,2,30
15328292,10/22/2020,f,108,1,1125
15126491,10/21/2020,f,149,2,1125
15129444,10/22/2020,f,125,2,14
15131211,10/22/2020,f,59,1,1125
15340470,10/21/2020,f,550,3,1125
13514513,10/19/2020,f,85,3,1125
15133009,10/22/2020,f,60,3,30
15340498,10/22/2020,f,139,2,1125
15352438,10/20/2020,f,98,1,1125
15134322,10/19/2020,f,68,1,7
15354374,10/22/2020,f,83,2,1124
13531233,10/20/2020,f,32,30,1125
15140062,10/24/2020,f,875,3,1125
15142337,10/20/2020,f,450,3,1125
15142756,10/19/2020,f,79,2,7
15357469,10/19/2020,f,400,8,14
15358164,10/19/2020,f,400,3,14
15360963,10/20/2020,f,90,2,1125
15144908,10/22/2020,t,225,1,1125
15157293,10/19/2020,f,65,2,30
15369790,10/21/2020,t,165,2,1125
15371925,10/24/2020,f,97,2,5
15390390,10/22/2020,f,220,,
15164722,10/24/2020,f,73,2,1125
15392269,10/24/2020,f,195,2,1125
15164840,10/22/2020,f,22,1,7
15173766,10/19/2020,f,120,2,1125
13531785,10/22/2020,f,200,2,1125
15393879,10/22/2020,f,179,30,365
15175581,10/19/2020,f,150,2,13
15176735,10/22/2020,f,300,3,1125
15395312,10/22/2020,t,295,3,1125
15395320,10/20/2020,f,82,2,1125
15918079,10/20/2020,f,450,3,10
15398584,10/20/2020,f,900,2,14
15918259,10/22/2020,f,195,2,1125
15924104,10/20/2020,f,119,2,1125
15407209,10/21/2020,f,150,1,1125
15422675,10/20/2020,f,49,7,1125
15425423,10/20/2020,f,199,2,1125
15940810,10/24/2020,f,250,2,30
13532009,10/19/2020,f,53,1,1125
15942648,10/20/2020,f,99,2,1125
15943159,10/21/2020,f,45,25,1125
15449350,10/20/2020,f,400,28,1125
13547688,10/19/2020,f,70,1,7
15453331,10/21/2020,t,400,1,1125
15954561,10/22/2020,f,25,2,2
15956612,10/22/2020,f,115,2,1125
15463618,10/22/2020,f,160,2,10
15966725,10/22/2020,f,120,2,1125
15471021,10/22/2020,f,200,2,3
15480531,10/21/2020,t,600,1,1125
15480908,10/21/2020,t,350,1,1125
15972856,10/20/2020,f,99,60,365
15482188,10/20/2020,f,150,2,10
15485824,10/20/2020,f,84,1,1125
15973262,10/22/2020,f,28,10,29
15977128,10/22/2020,f,235,3,1125
13565075,10/23/2020,f,19,1,1125
15512987,10/20/2020,f,1250,10,1125
15517911,10/22/2020,f,225,30,1125
15985678,10/22/2020,f,85,1,1125
15987775,10/19/2020,f,115,2,8
15990274,10/21/2020,f,32,30,300
15530669,10/22/2020,f,190,,
16014403,10/22/2020,f,33,1,5
15548614,10/22/2020,f,200,,
13565904,10/19/2020,f,55,1,1125
15549350,10/22/2020,t,1500,1,6
16038780,10/19/2020,f,65,1,3
16055940,10/20/2020,f,150,3,1125
15551300,10/20/2020,f,1000,1,7
15552468,10/20/2020,t,89,2,1125
16066797,10/24/2020,f,750,2,1125
13571814,10/22/2020,f,76,3,1125
15564640,10/20/2020,t,169,2,1125
15565279,10/21/2020,f,126,1,1125
16071870,10/24/2020,f,100,1,4
16071914,10/22/2020,f,28,1,4
16073133,10/19/2020,f,125,2,14
15565777,10/20/2020,f,125,3,1125
16094172,10/24/2020,f,295,2,1125
13576771,10/20/2020,f,55,2,1125
16123808,10/20/2020,f,500,3,8
15582587,10/24/2020,f,500,2,10
15603943,10/19/2020,f,52,2,1125
16124855,10/20/2020,f,129,2,1125
16143626,10/19/2020,f,100,2,1125
15609359,10/22/2020,f,20,7,1125
16146024,10/22/2020,f,899,,
15613286,10/22/2020,f,73,2,14
13585864,10/21/2020,f,150,2,270
16157135,10/20/2020,f,99,1,1125
15617401,10/24/2020,t,87,1,2
16158963,10/19/2020,f,200,1,14
16163890,10/19/2020,f,111,2,1125
15629805,10/22/2020,f,131,1,1125
15632001,10/20/2020,f,169,3,1125
16186851,10/20/2020,f,80,30,365
13588379,10/20/2020,f,50,1,1125
15634528,10/21/2020,t,249,2,1125
16188859,10/23/2020,f,120,2,1125
15650338,10/22/2020,f,63,2,5
16190079,10/20/2020,f,25,1,7
13615667,10/19/2020,f,25,1,1125
15657024,10/19/2020,f,59,1,30
16191306,10/22/2020,f,222,2,1125
15657252,10/21/2020,f,150,1,1125
13631037,10/20/2020,f,146,30,328
16194494,10/24/2020,f,40,1,1125
15657722,10/21/2020,t,780,30,1125
15661329,10/22/2020,f,600,,
16207501,10/22/2020,f,1250,3,1125
13634961,10/22/2020,f,65,,
15665823,10/20/2020,t,810,2,1125
15673476,10/20/2020,f,75,30,1125
13635234,10/19/2020,f,70,1,7
16215891,10/24/2020,t,361,2,1125
16215954,10/20/2020,f,135,1,1125
13641416,10/21/2020,f,650,3,1125
16219766,10/20/2020,f,240,3,1125
15675107,10/20/2020,f,500,3,1125
16220910,10/22/2020,f,60,3,1125
15706243,10/22/2020,f,60,1,1125
13650495,10/19/2020,f,20,1,2
15706510,10/22/2020,f,82,3,1125
16229534,10/19/2020,f,200,1,1125
16808959,10/20/2020,f,850,7,14
16231984,10/21/2020,f,60,30,60
15720390,10/22/2020,f,85,3,12
15725389,10/20/2020,f,599,2,1125
16236845,10/20/2020,f,402,1,1125
16238095,10/22/2020,f,150,30,180
15726925,10/20/2020,f,495,4,451
15729240,10/20/2020,f,1400,2,1125
16240199,10/19/2020,f,118,1,7
16811720,10/20/2020,t,699,2,10
16254209,10/22/2020,f,599,,
15735137,10/20/2020,f,125,2,1125
15745163,10/22/2020,f,195,1,10
16811907,10/21/2020,f,99,2,1125
16255305,10/23/2020,t,300,2,7
15770357,10/24/2020,f,90,1,100
16255356,10/22/2020,t,999,3,1125
16811969,10/21/2020,f,125,1,365
15770992,10/24/2020,f,28,2,45
16266984,10/21/2020,t,595,3,1125
16813648,10/19/2020,f,91,1,21
16268096,10/20/2020,t,10000,30,1125
16814846,10/21/2020,t,125,2,1125
15787262,10/20/2020,f,499,2,10
16274377,10/22/2020,f,550,3,60
16287572,10/22/2020,f,150,2,1125
15792064,10/23/2020,f,160,2,1125
16827775,10/23/2020,f,170,3,60
16289813,10/20/2020,f,83,30,1125
15799378,10/22/2020,f,94,1,1125
15802175,10/19/2020,f,70,1,7
16293024,10/20/2020,t,935,1,1125
16830378,10/21/2020,t,90,1,1125
15826995,10/20/2020,f,75,1,1125
16297180,10/21/2020,t,58,1,1125
16314405,10/23/2020,t,135,2,1125
15830951,10/19/2020,f,200,2,1125
16830532,10/21/2020,f,102,1,1125
16334187,10/22/2020,f,200,,
16338748,10/20/2020,f,150,2,4
16831133,10/24/2020,f,79,2,30
16842314,10/24/2020,f,165,5,1125
15834227,10/20/2020,t,305,1,7
16342694,10/23/2020,f,147,1,5
15873476,10/22/2020,t,33,2,1125
16844150,10/23/2020,t,600,1,3
16379302,10/20/2020,f,700,2,1125
15873822,10/22/2020,f,94,2,1125
16408376,10/22/2020,f,149,3,1125
15876377,10/22/2020,f,62,2,14
16844630,10/22/2020,f,319,2,1125
16415063,10/24/2020,f,400,31,1125
16846660,10/20/2020,f,599,2,1125
15886011,10/20/2020,f,230,1,1125
16423095,10/22/2020,f,795,3,14
16846774,10/19/2020,f,95,2,1125
15901939,10/19/2020,f,125,2,8
16441465,10/22/2020,t,1500,1,1125
15902862,10/24/2020,f,64,30,1125
16857588,10/21/2020,t,550,3,7
15916842,10/20/2020,f,1000,4,30
16857665,10/21/2020,f,1000,4,6
17193846,10/19/2020,f,110,1,1125
16857951,10/19/2020,f,425,2,10
16464205,10/19/2020,f,300,2,3
16858716,10/20/2020,f,90,1,1125
16478763,10/19/2020,f,45,7,1125
17206740,10/23/2020,f,355,2,1125
16858784,10/19/2020,f,40,2,1125
16479513,10/20/2020,f,189,45,1125
17207169,10/19/2020,f,150,2,1125
17209015,10/20/2020,f,27,1,1125
16480521,10/19/2020,f,300,2,1125
16486522,10/22/2020,f,59,2,1125
16869933,10/20/2020,t,59,30,1125
17209248,10/19/2020,f,89,30,1125
16514509,10/19/2020,f,350,1,1125
17213038,10/20/2020,t,849,2,10
16870186,10/19/2020,f,64,1,14
16516193,10/19/2020,f,69,4,190
17217284,10/20/2020,f,135,30,1125
16516318,10/19/2020,f,250,2,1125
17219191,10/19/2020,f,195,1,365
16517121,10/19/2020,f,40,1,1125
17223369,10/19/2020,f,500,3,8
16870469,10/20/2020,t,599,2,7
16518202,10/22/2020,f,30,10,90
17224505,10/19/2020,f,325,3,1125
17232532,10/20/2020,f,40,1,1125
16534724,10/20/2020,t,106,2,17
16545023,10/19/2020,f,85,1,5
17234094,10/20/2020,f,375,3,1125
17235148,10/19/2020,f,125,2,8
16569166,10/20/2020,t,65,1,1125
17235655,10/19/2020,f,320,4,1125
17237447,10/19/2020,f,160,3,7
16578343,10/22/2020,f,300,2,7
16585918,10/22/2020,f,135,30,365
17237550,10/19/2020,f,287,2,1125
16586062,10/20/2020,f,650,4,1125
16871045,10/23/2020,f,89,4,28
17237907,10/23/2020,f,119,2,1125
16588364,10/22/2020,f,112,2,5
17238326,10/20/2020,f,520,2,1125
16615311,10/19/2020,f,150,2,3
16619604,10/21/2020,t,180,1,30
16620630,10/19/2020,f,34,1,10
16628889,10/23/2020,f,130,1,1125
17239710,10/21/2020,f,76,4,1125
17240128,10/24/2020,f,59,5,1125
16872790,10/19/2020,f,87,3,1125
17240270,10/22/2020,f,95,2,30
16628934,10/20/2020,f,1200,3,10
16633368,10/20/2020,f,30,1,10
17249234,10/20/2020,f,140,2,7
16633461,10/22/2020,f,2000,3,1125
17251466,10/24/2020,f,150,1,1125
16646919,10/20/2020,f,298,2,1125
16873524,10/24/2020,f,75,1,1125
17254260,10/24/2020,f,242,3,1125
16649075,10/22/2020,f,16,30,1125
16873914,10/22/2020,f,125,30,200
16661758,10/20/2020,f,65,1,2
17254505,10/22/2020,t,300,,
16880043,10/20/2020,t,350,3,1125
16665777,10/22/2020,t,55,2,1125
17255053,10/22/2020,t,1400,2,1125
16670960,10/22/2020,f,99,2,1125
16880422,10/19/2020,f,599,2,7
17255736,10/19/2020,f,175,3,1125
16677799,10/21/2020,f,35,1,5
17256857,10/19/2020,f,75,1,1125
16881707,10/20/2020,f,149,2,1125
16691554,10/22/2020,f,89,,
17257163,10/20/2020,f,80,30,1125
16882140,10/24/2020,f,360,1,1125
16700978,10/20/2020,f,768,2,1125
16701061,10/20/2020,f,239,2,1125
17257259,10/20/2020,f,75,3,14
16894043,10/24/2020,f,182,2,12
17257953,10/21/2020,t,99,1,365
16701084,10/19/2020,f,6833,2,1125
16701091,10/21/2020,f,543,2,1125
17263419,10/20/2020,f,800,2,1125
16704551,10/22/2020,f,97,1,1125
16896958,10/19/2020,f,150,1,90
16704638,10/22/2020,f,2247,2,1125
17266995,10/21/2020,f,300,,
17268492,10/19/2020,f,190,2,1125
16704640,10/21/2020,f,5351,2,1125
16897411,10/24/2020,f,100,2,1125
17270198,10/19/2020,f,193,3,16
16704645,10/20/2020,f,92,2,1125
16908383,10/22/2020,f,85,2,1125
16704699,10/24/2020,f,134,2,1125
17278430,10/21/2020,f,123,4,60
17280819,10/20/2020,f,390,3,10
16710494,10/22/2020,f,80,2,1125
16910263,10/19/2020,f,60,3,6
17283796,10/20/2020,f,75,4,14
16720467,10/21/2020,f,225,3,1125
17286465,10/19/2020,f,1750,2,1125
16726636,10/19/2020,f,134,1,365
16910804,10/20/2020,f,78,30,60
17292325,10/19/2020,f,70,2,1125
16736195,10/20/2020,f,55,1,1125
16750533,10/19/2020,f,249,1,1125
17314961,10/22/2020,f,70,,
16768276,10/21/2020,f,190,2,1125
17316306,10/24/2020,f,587,2,30
16768495,10/20/2020,f,150,1,5
16912016,10/22/2020,f,28,2,14
17317220,10/21/2020,f,389,4,12
16768939,10/21/2020,t,96,1,1125
16913180,10/20/2020,f,165,1,30
17317756,10/24/2020,f,300,3,10
16771394,10/19/2020,f,225,2,12
17318627,10/22/2020,f,109,30,365
17319828,10/20/2020,f,102,30,1125
16775575,10/22/2020,f,108,1,21
16913365,10/21/2020,f,381,2,1125
16779421,10/19/2020,f,130,7,35
16916881,10/19/2020,f,100,3,10
17323446,10/22/2020,f,69,1,1125
17327290,10/22/2020,f,155,2,1125
16780131,10/19/2020,f,150,3,10
17328081,10/19/2020,f,400,4,7
16928591,10/22/2020,f,600,2,10
16783177,10/19/2020,f,105,2,1125
16797397,10/20/2020,f,385,4,1125
17331488,10/20/2020,f,191,1,1125
16933909,10/24/2020,f,30,1,1125
16804040,10/19/2020,f,45,1,1125
16807575,10/22/2020,f,180,2,1125
17332354,10/19/2020,f,80,10,60
16939027,10/20/2020,f,75,2,1125
17340239,10/22/2020,f,35,1,1125
16940438,10/19/2020,f,35,2,1125
17514125,10/21/2020,f,1000,2,1125
17342893,10/21/2020,f,800,2,14
17514280,10/21/2020,t,150,3,11
16940564,10/21/2020,t,100,3,360
17343624,10/21/2020,f,40,2,8
17514673,10/19/2020,f,50,1,7
16941416,10/20/2020,f,959,2,1125
17344459,10/19/2020,f,140,2,1125
17345973,10/19/2020,f,99,2,1125
17358165,10/20/2020,t,499,2,60
17516270,10/20/2020,f,400,1,1125
16942578,10/22/2020,f,665,3,4
17361724,10/21/2020,f,500,2,1125
17516756,10/20/2020,f,500,1,1125
16942838,10/19/2020,f,160,2,1125
17516954,10/19/2020,f,76,2,1125
17362944,10/20/2020,f,126,2,1125
17365159,10/20/2020,f,135,2,1125
17522639,10/21/2020,f,239,2,10
16943185,10/20/2020,f,109,2,1125
17526840,10/23/2020,f,500,1,1125
17369527,10/21/2020,f,149,2,30
16946016,10/21/2020,f,41,30,1125
17530065,10/19/2020,f,200,1,12
17379787,10/19/2020,f,130,2,7
17531011,10/22/2020,f,70,,
16946034,10/22/2020,f,55,3,1125
17531154,10/21/2020,f,550,3,1125
17383935,10/19/2020,f,50,30,1125
16946888,10/22/2020,f,300,2,3
17531219,10/22/2020,f,675,2,1125
17385294,10/21/2020,f,150,1,1125
16962045,10/21/2020,f,80,1,2
17531239,10/24/2020,f,145,2,14
17385767,10/22/2020,f,109,1,1125
17532515,10/19/2020,f,180,2,12
16962076,10/20/2020,f,129,1,200
17387404,10/22/2020,f,93,1,1125
17532925,10/22/2020,f,189,30,999
17388830,10/20/2020,f,139,2,1125
16964403,10/24/2020,t,1500,3,10
17540870,10/19/2020,f,600,2,10
17541483,10/19/2020,f,250,2,1125
17393899,10/22/2020,f,105,1,14
17542748,10/24/2020,f,500,1,14
17400093,10/20/2020,f,400,7,7
16965052,10/20/2020,f,95,7,1125
17542969,10/24/2020,f,52,1,14
17403078,10/20/2020,f,1000,3,10
17543321,10/22/2020,f,45,1,14
17408151,10/24/2020,f,149,2,31
17543455,10/20/2020,f,99,3,1125
16972038,10/22/2020,f,50,2,1125
17415121,10/21/2020,f,150,1,12
17543873,10/20/2020,t,995,1,30
17416292,10/21/2020,f,55,1,31
17416565,10/19/2020,f,875,7,10
17418016,10/20/2020,f,450,7,1125
17545365,10/20/2020,t,79,1,1125
17545554,10/19/2020,f,32,1,1125
16973996,10/20/2020,f,199,3,14
17420498,10/24/2020,f,23,29,1125
17420918,10/24/2020,f,75,3,45
17545745,10/19/2020,f,165,1,67
17546604,10/19/2020,f,60,1,1125
16986846,10/20/2020,f,270,3,1125
17421002,10/22/2020,f,111,28,1125
17547673,10/19/2020,f,200,1,1125
17421057,10/20/2020,t,500,7,240
17554076,10/24/2020,f,75,2,7
16987710,10/19/2020,f,84,3,1125
17422965,10/21/2020,f,80,1,1125
17556135,10/24/2020,f,175,3,1125
16995258,10/20/2020,f,200,2,10
17429565,10/22/2020,f,50,30,35
17556210,10/22/2020,f,120,1,1125
17434991,10/19/2020,f,300,2,1125
17557861,10/20/2020,f,2050,3,8
16996670,10/20/2020,t,832,1,1125
17436310,10/24/2020,f,160,2,8
17557972,10/20/2020,f,105,1,1125
17437370,10/19/2020,f,800,1,10
17559799,10/21/2020,f,125,,
17559954,10/19/2020,f,59,1,1125
17566215,10/19/2020,f,26,28,120
17437940,10/24/2020,f,499,1,1125
16997167,10/19/2020,f,99,1,1125
17567587,10/22/2020,f,419,2,1125
16997691,10/22/2020,f,288,1,1125
17443832,10/22/2020,f,118,4,1125
17568804,10/20/2020,f,118,3,1125
16997868,10/19/2020,f,59,1,1125
16998086,10/22/2020,f,115,30,1125
17446923,10/21/2020,f,65,3,1125
17569863,10/24/2020,f,200,3,7
17571974,10/21/2020,f,1200,1,6
17447748,10/19/2020,f,515,3,14
17572567,10/20/2020,f,45,1,1125
17448282,10/22/2020,f,71,3,28
17573194,10/21/2020,f,200,3,1125
17573927,10/19/2020,f,75,1,1125
17456539,10/19/2020,f,1800,4,15
17574090,10/19/2020,f,115,28,90
16999421,10/22/2020,f,117,3,29
17460728,10/20/2020,f,500,3,3
17574920,10/21/2020,f,129,3,1125
17462007,10/19/2020,f,300,1,10
17006636,10/22/2020,f,650,3,1125
17464398,10/19/2020,f,55,1,1125
17576092,10/21/2020,f,2500,3,1125
17584105,10/19/2020,f,229,3,12
17465421,10/19/2020,f,80,1,1125
17009437,10/20/2020,f,75,1,7
17013403,10/19/2020,f,20,1,1125
17586259,10/20/2020,f,51,2,1125
17472823,10/20/2020,t,500,2,60
17586715,10/19/2020,f,100,2,1125
17474211,10/19/2020,f,150,1,7
17024455,10/22/2020,f,230,2,10
17477168,10/20/2020,f,125,2,120
17589999,10/20/2020,f,150,2,1125
17590487,10/23/2020,f,89,2,14
17478756,10/24/2020,f,150,1,3
17029783,10/19/2020,f,210,1,1125
17591047,10/19/2020,f,75,1,10
17592822,10/21/2020,f,199,,
17479917,10/19/2020,f,149,1,1125
17592920,10/19/2020,f,75,2,1125
17031093,10/20/2020,f,350,3,1125
17480332,10/19/2020,f,95,1,12
17593269,10/24/2020,f,750,2,1125
17037869,10/22/2020,f,23,29,1125
17593391,10/19/2020,f,149,2,1125
17597425,10/24/2020,f,96,2,1125
17480569,10/21/2020,f,128,1,1125
17481150,10/22/2020,f,84,30,250
17482375,10/19/2020,f,99,4,1125
17482394,10/23/2020,f,190,2,7
17604822,10/22/2020,t,300,,
17039241,10/20/2020,f,65,2,1125
17483296,10/19/2020,f,225,2,1125
17606728,10/19/2020,f,100,1,5
17607019,10/24/2020,f,65,1,3
17492388,10/19/2020,f,129,2,1125
17607193,10/23/2020,f,10000,1,1125
17492454,10/19/2020,f,275,1,1125
17042876,10/24/2020,f,64,2,1125
17607509,10/21/2020,t,150,2,7
17608389,10/21/2020,f,300,,
17492878,10/19/2020,f,500,2,6
17492944,10/22/2020,t,275,2,10
17609022,10/20/2020,t,150,1,1125
17493744,10/22/2020,f,150,2,5
17609889,10/19/2020,f,810,2,1125
17046910,10/22/2020,f,150,30,1125
17611669,10/19/2020,f,60,1,7
17073883,10/20/2020,f,189,2,1125
17621368,10/24/2020,f,449,1,1125
17495335,10/22/2020,f,89,3,1125
17073922,10/24/2020,f,33,1,15
17498259,10/23/2020,f,350,3,1125
17622724,10/22/2020,f,240,3,1125
17498739,10/19/2020,f,80,1,6
17074156,10/20/2020,f,135,30,240
17500220,10/20/2020,f,250,30,365
17624763,10/19/2020,f,120,3,1125
17625053,10/24/2020,f,200,1,7
17625142,10/22/2020,f,75,2,1125
17500235,10/23/2020,f,55,2,7
17074271,10/22/2020,f,90,1,1125
17506283,10/24/2020,f,110,2,1125
17625534,10/24/2020,f,75,2,30
17506366,10/22/2020,f,700,3,7
17076362,10/19/2020,f,68,1,1125
17625703,10/24/2020,f,200,2,4
17510305,10/24/2020,f,150,2,1125
17626075,10/19/2020,f,375,3,4
17511653,10/22/2020,f,109,2,1125
17079610,10/20/2020,t,304,2,1125
17626279,10/24/2020,f,400,1,5
17513808,10/22/2020,f,150,1,10
17626492,10/22/2020,f,75,1,3
17792048,10/22/2020,f,76,,
17632571,10/22/2020,t,72,2,1125
17095852,10/20/2020,f,250,5,50
17793570,10/22/2020,f,35,2,30
17632765,10/22/2020,t,325,2,5
17794919,10/21/2020,f,114,2,60
17634330,10/19/2020,f,88,1,5
17098367,10/20/2020,f,1000,1,1125
17803804,10/19/2020,f,75,3,4
17634857,10/20/2020,f,1000,2,5
17805832,10/22/2020,f,100,20,80
17103933,10/20/2020,f,60,1,14
17641963,10/19/2020,f,120,1,1125
17810347,10/19/2020,f,75,1,7
17642403,10/20/2020,f,59,30,1125
17105678,10/20/2020,f,740,13,1125
17831953,10/19/2020,f,75,1,2
17642440,10/19/2020,f,300,2,2
17841264,10/19/2020,f,50,1,1125
17648807,10/20/2020,f,105,30,1125
17105686,10/19/2020,f,85,2,25
17841868,10/19/2020,f,179,3,1125
17650728,10/22/2020,f,41,1,1125
17858468,10/20/2020,f,80,30,1125
17651051,10/22/2020,f,99,2,1125
17652332,10/22/2020,f,100,30,1125
17876485,10/22/2020,f,28,1,1
17108048,10/19/2020,f,500,4,14
17652988,10/22/2020,f,600,5,7
17108114,10/24/2020,f,125,1,1125
17895096,10/24/2020,f,97,1,1125
17657432,10/21/2020,f,140,2,1125
17902554,10/20/2020,f,48,2,1125
17662778,10/19/2020,f,150,1,1125
17905837,10/24/2020,f,175,2,1125
17109484,10/21/2020,f,150,2,21
17907547,10/20/2020,f,49,2,31
17664041,10/19/2020,f,350,3,1125
17909373,10/19/2020,f,275,3,1125
17121196,10/21/2020,f,450,90,99
17665178,10/20/2020,f,79,1,10
17911855,10/20/2020,f,95,30,365
17121999,10/19/2020,f,77,1,7
17912468,10/20/2020,f,300,30,1125
17678915,10/21/2020,f,27,3,15
17682020,10/19/2020,f,145,2,7
17682782,10/20/2020,f,200,1,7
17123449,10/20/2020,f,900,2,6
17927374,10/20/2020,f,83,2,1125
17683608,10/21/2020,f,150,2,1125
17684743,10/19/2020,f,70,1,1125
17928222,10/19/2020,f,45,3,90
17686242,10/24/2020,f,39,2,100
17125311,10/21/2020,f,30,2,45
17125858,10/19/2020,f,45,1,10
17130373,10/22/2020,f,32,,
17977048,10/20/2020,t,125,1,1125
17688918,10/19/2020,f,29,1,6
